biomarker,motif,n_present,n_absent,median_present,median_absent,fold_change,p_raw,p_fdr,p_fdr_global,abs_log_fold
ALT,GCA,107,1872,422.8,98.0,4.314285714285714,0.00015696333330737617,0.0005580918517595597,0.0007363711932938635,2.109121722380112
ALT,GGC,77,1902,306.0,99.5,3.0753768844221105,0.00913294781715683,0.02087530929635847,0.02239045271302965,1.620763222149003
AST,GCA,54,1723,382.25,125.0,3.058,0.0013049709768563184,0.003796279205400199,0.004508081556412736,1.6125884066987175
ALT,ACT,95,1884,36.286764705882355,106.0,0.34232796892341844,9.22278034732057e-12,2.9512897111425825e-10,3.504656531981817e-10,1.5465489264697785
ALT,GAC,66,1913,36.0,104.0,0.34615384615384615,4.724287209823071e-10,6.047087628573532e-09,1.0560171410192748e-08,1.5305147166987798
AST,GGC,57,1720,346.0,126.0,2.746031746031746,0.018393946517443256,0.03567310839746571,0.04135916968419194,1.4573483041368083
ALT,GTG,360,1619,240.75,90.0,2.675,6.90819349553537e-11,1.1053109592856591e-09,1.875081091645315e-09,1.4195388915137845
ALT,AAC,40,1939,40.5,104.0,0.3894230769230769,1.8882338075188383e-06,1.2084696368120565e-05,1.888233807518838e-05,1.3605897152564674
ALT,CGT,13,1966,41.379999999999995,101.0,0.4097029702970297,0.14953481973208152,0.20804844484463517,0.239760470456502,1.28734974266651
ALT,AAA,356,1623,50.75,122.0,0.41598360655737704,3.3906959463146485e-26,2.170045405641375e-24,1.2884644595995664e-23,1.26540142037771
ALT,TCG,32,1947,42.5,102.0,0.4166666666666667,7.251159501620587e-05,0.0002900463800648235,0.0003827000848077532,1.2630344058337937
ALT,GCG,18,1961,43.16666666666667,102.0,0.423202614379085,0.0014755327322661578,0.004188757426245345,0.0049541259324014444,1.2405795550060976
ALT,CTA,33,1946,45.0,102.0,0.4411764705882353,0.00013479322765453235,0.000507456857052357,0.0006566849552400294,1.1805722456418208
AST,ACT,61,1716,59.0,132.4,0.445619335347432,5.934042462476001e-16,1.8988935879923202e-14,5.6373403393522004e-14,1.1661162625580141
ALT,TTC,163,1816,48.0,107.25,0.44755244755244755,1.2850777815093212e-09,1.3707496336099427e-08,2.5909147831519202e-08,1.1598713367783895
ALT,CAA,89,1890,48.0,105.0,0.45714285714285713,4.871550925865011e-07,3.46421399172623e-06,5.444674564202071e-06,1.1292830169449666
AST,CAT,59,1718,61.5,132.4,0.4645015105740181,5.601727679649676e-15,1.1950352383252644e-13,4.2573130365337544e-13,1.1062448065806154
ALT,GTC,123,1856,50.0,107.0,0.4672897196261682,1.6216463239543268e-09,1.4826480676153845e-08,3.081128015513221e-08,1.0976107966264224
AST,GTC,69,1708,62.0,132.0,0.4696969696969697,1.4552686002204547e-13,2.3284297603527275e-12,6.91252585104716e-12,1.0901978089715783
ALT,CAT,104,1875,50.0,106.0,0.4716981132075472,3.2130350143215766e-06,1.8694021901507356e-05,2.975873602679306e-05,1.0840642647884744
AST,GAC,42,1735,63.75,131.0,0.4866412213740458,3.2443976719137446e-09,2.5955181375309957e-08,5.870814834891538e-08,1.0390695646785924
ALT,TCA,156,1823,52.5,106.0,0.49528301886792453,4.822278483815957e-07,3.46421399172623e-06,5.444674564202071e-06,1.0136749368970766
ALT,TGT,551,1428,171.0,85.0,2.011764705882353,2.6132657453097625e-11,5.574966923327493e-10,9.02764530197918e-10,1.008461578748196
ALT,ACG,16,1963,51.10666666666667,101.25,0.5047572016460906,0.02501246594334969,0.047082288834540596,0.05309908971213901,0.9863385054673498
ALT,CTT,128,1851,52.5,104.0,0.5048076923076923,0.00025846416745633333,0.000870616143010807,0.0011197414049717012,0.9861942004749695
AST,GTG,320,1457,228.0,116.0,1.9655172413793103,2.650222683132411e-10,2.423060738863919e-09,6.2942788724394764e-09,0.9749090190371695
ALT,CGG,33,1946,52.0,102.0,0.5098039215686274,0.0022001179352552943,0.005632301914253553,0.006797112320300909,0.9719856238304035
ALT,GCT,111,1868,55.333333333333336,104.0,0.532051282051282,0.001551597274483036,0.004188757426245345,0.005082818657789256,0.9103627875153236
AST,TCG,20,1757,68.83333333333334,129.0,0.5335917312661499,0.0001948460168281222,0.0006563234251052537,0.0009029449560327615,0.9061917847249649
ALT,CCG,53,1926,55.333333333333336,102.5,0.5398373983739838,0.020185884697016952,0.04167408453577694,0.044338937484777116,0.8894031688796773
ALT,CGC,31,1948,55.333333333333336,102.0,0.542483660130719,0.1120433982717418,0.16297221566798806,0.1909259701491564,0.8823484113457268
AST,AAC,31,1746,71.66666666666667,129.75,0.5523442517662172,2.9677201351379337e-06,1.5827840720735646e-05,2.819334128381037e-05,0.8563603794895766
AST,TCA,88,1689,73.00694444444444,132.0,0.5530829124579124,3.770176032137381e-09,2.6810140672976933e-08,6.512122237328204e-08,0.8544323243269998
AST,TGT,469,1308,202.55555555555554,113.0,1.792527040314651,4.2192784712382926e-11,5.400676443185014e-10,1.2333275531311931e-09,0.8419948821816342
ALT,CCC,43,1936,57.0,102.0,0.5588235294117647,0.09071439456345465,0.14160295736734385,0.15740397230188477,0.8395353278067539
ALT,TCC,156,1823,60.65,106.0,0.5721698113207547,5.18985695439662e-05,0.00022143389672092244,0.00029267635757067415,0.8054847143300512
AST,AAA,335,1442,85.0,147.3,0.5770536320434487,3.760106425386297e-21,2.40646811224723e-19,7.144202208233965e-19,0.7932226840107852
AST,CTA,18,1759,75.0,129.0,0.5813953488372093,0.00023666322701415467,0.000757322326445295,0.0010457212356439391,0.7824085649273732
AST,CAA,71,1706,77.0,132.0,0.5833333333333334,3.13602213956553e-08,2.0070541693219393e-07,4.5834169732111594e-07,0.777607578663552
ALT,CAG,153,1826,61.0,103.0,0.5922330097087378,0.00613033207487207,0.01453115751080787,0.016065697851388873,0.7557631896203322
ALT,ACC,46,1933,60.41666666666667,102.0,0.5923202614379085,0.055045225318639125,0.09521336271332173,0.10253522363275916,0.7555506577903549
AST,TTC,120,1657,79.0,133.0,0.5939849624060151,2.5622538632642777e-10,2.423060738863919e-09,6.2942788724394764e-09,0.7515016873240866
AST,ACC,19,1758,76.0,127.66666666666666,0.5953002610966058,0.21258171258421965,0.27210459210780114,0.3143231547937878,0.7483105677602152
ALT,TCT,101,1878,61.0,102.0,0.5980392156862745,0.020852027552970206,0.04170405510594041,0.045278688400735304,0.7416880044086094
ALT,CCT,69,1910,61.0,102.0,0.5980392156862745,0.0015707840348420043,0.004188757426245345,0.005101691737093689,0.7416880044086094
AST,CTT,116,1661,79.9,132.0,0.6053030303030303,6.468323064777528e-06,2.7598178409717452e-05,5.120755759615543e-05,0.7242705213178389
AST,TCC,112,1665,80.58333333333334,133.0,0.605889724310777,4.019884933844167e-08,2.3388421433275153e-07,5.657615832817717e-07,0.7228728567455044
AST,CGG,20,1757,78.83333333333334,129.0,0.6111111111111112,0.0033972947002278496,0.009059452533940932,0.009780090803686232,0.710493382805015
AST,ACA,55,1722,79.0,129.0,0.6124031007751938,0.026286113952943127,0.04673086924967667,0.05518631658628944,0.7074465072461512
ALT,CTG,101,1878,63.0,102.0,0.6176470588235294,0.030568463971191527,0.05589661983303593,0.06245170058630527,0.6951454184715791
AST,CCT,50,1727,80.0,129.0,0.6201550387596899,0.001014294209443809,0.0030911823525906564,0.003670779043701404,0.6892991605358918
AST,CCC,24,1753,80.5,129.0,0.624031007751938,0.03136353657595954,0.05425044164490299,0.06312969141372252,0.6803103773086372
AST,CGC,28,1749,82.33333333333334,128.0,0.6432291666666667,0.1301889981040542,0.18515768619243264,0.21324060034284742,0.6365952691364783
AST,ACG,10,1767,82.4875,127.33333333333333,0.6478075916230367,0.18209675212179988,0.2423645910372012,0.28128766587920306,0.6263627197880204
AST,CCG,36,1741,83.82083333333333,129.0,0.6497739018087855,0.1453877215704533,0.20227856914150025,0.23509503913520105,0.6219902959524573
TBIL,CGC,13,1389,0.13,0.2,0.65,0.008209705569335425,0.014366984746336995,0.020524263923338563,0.6214883767462701
AST,CAC,45,1732,83.66666666666667,128.5,0.6511024643320363,0.036270112500409665,0.05952018461605689,0.07216043324688834,0.6190434959642622
ALT,ACA,84,1895,67.0,102.0,0.6568627450980392,0.3065137676900137,0.3772477140800169,0.4243459818065692,0.6063361515137231
ALT,TAC,49,1930,67.0,101.0,0.6633663366336634,0.8169188133940787,0.8432710331809844,0.8623031919159719,0.5921222922940222
ALT,CTC,101,1878,68.0,102.0,0.6666666666666666,0.07034275185393535,0.11543425945261185,0.1260860646438464,0.5849625007211563
CREA,ACC,8,751,0.165,0.11,1.5,0.005738600475841096,0.015718775216434305,0.015465731778862528,0.5849625007211562
CREA,CAC,18,741,0.15,0.10000000000000002,1.4999999999999996,0.0009952705217732747,0.0031351021435858154,0.0036365653680177344,0.5849625007211557
ALT,GAA,275,1704,71.0,106.0,0.6698113207547169,0.0004883297631420874,0.0015626552420546797,0.002039179230703222,0.5781733350585172
AST,CTC,38,1739,86.5,129.0,0.6705426356589147,0.01190952871161506,0.02458741411430206,0.02793593154576372,0.5765990277865296
AST,GCT,104,1673,88.0,131.0,0.6717557251908397,0.0018709314945940818,0.00520607024582701,0.005875652627650835,0.5739913829001531
ALT,AAT,447,1532,76.0,112.75,0.6740576496674058,1.0486106501555056e-05,5.592590134162697e-05,7.813177393315532e-05,0.5690561098117954
CREA,ACT,20,739,0.14750000000000002,0.10000000000000002,1.4749999999999999,0.0001508440634005132,0.0006787982853023093,0.0007165093011524377,0.5607149544744788
ALT,TTG,477,1502,135.66666666666666,93.0,1.4587813620071683,1.140260175172945e-05,5.613588554697575e-05,8.332670510879212e-05,0.5447636724370594
AST,CAG,112,1665,88.5,129.0,0.686046511627907,0.011531713845526332,0.02458741411430206,0.02744989586209422,0.5436217053402567
ALT,CAC,92,1887,69.5,101.25,0.6864197530864198,0.682810563240394,0.7406758652099189,0.7699347597369428,0.5428370250484796
AST,ATC,40,1737,87.5,127.33333333333333,0.68717277486911,0.18556039001285718,0.2423645910372012,0.2843264040519586,0.5412552154822636
ALT,TTT,628,1351,125.0,86.0,1.4534883720930232,1.8913837221027308e-05,8.646325586755341e-05,0.00013027727921176063,0.539519529959989
CREA,CCT,19,740,0.14500000000000002,0.10000000000000002,1.45,0.00013921963463768862,0.000674679767859568,0.0006696640653458439,0.5360529002402097
AST,CGT,9,1768,88.0,127.16666666666666,0.6920052424639581,0.46853125396976447,0.5326758611616479,0.587596952173302,0.5311451274760769
ALT,TGC,58,1921,70.25,101.0,0.6955445544554455,0.3747790261905024,0.44418254955911396,0.500099007380952,0.5237851625308687
ALT,CCA,95,1884,71.0,102.0,0.696078431372549,0.06407180448284099,0.10791040755004798,0.11593945573085511,0.5226782224668136
ALT,GTT,522,1457,133.0,93.0,1.4301075268817205,0.0005930434188631919,0.0018073704193925847,0.002423188163096913,0.5161236243931583
AST,CCA,70,1707,90.58333333333334,129.5,0.6994851994851996,0.005158906298304425,0.012698846272749354,0.014309375133983076,0.5156345633804007
TBIL,CTC,25,1377,0.14,0.2,0.7000000000000001,3.696466358436474e-05,0.00029109672572687233,0.00022296146288981907,0.5145731728297581
TBIL,TCG,10,1392,0.14,0.2,0.7000000000000001,6.812963740629693e-05,0.0004292167156596707,0.00036463749597736385,0.5145731728297581
TBIL,ACG,7,1395,0.14,0.2,0.7000000000000001,0.002471482538766085,0.005369082756629771,0.0075133069178488976,0.5145731728297581
TBIL,GCG,7,1395,0.14,0.2,0.7000000000000001,0.0013910394275310925,0.003651478497269118,0.004719598057694779,0.5145731728297581
TBIL,CGG,13,1389,0.14,0.2,0.7000000000000001,0.00021627826153857186,0.0011992189260292979,0.0009901896311404494,0.5145731728297581
TBIL,TGC,21,1381,0.14,0.2,0.7000000000000001,0.0010771677553284794,0.003351614168205339,0.00386154478325304,0.5145731728297581
TBIL,AAC,12,1390,0.14,0.2,0.7000000000000001,0.001117204722735113,0.003351614168205339,0.003967642940554607,0.5145731728297581
TBIL,CCA,43,1359,0.14,0.2,0.7000000000000001,1.73280594753367e-07,3.638892489820707e-06,2.1240847098799826e-06,0.5145731728297581
TBIL,CAA,39,1363,0.14,0.2,0.7000000000000001,4.85036197596559e-09,3.0557280448583217e-07,8.013641525508366e-08,0.5145731728297581
CREA,CTG,26,733,0.14250000000000002,0.10000000000000002,1.4249999999999998,3.1095691722693474e-05,0.00024733820479870143,0.00019693938091039202,0.5109619192773791
AST,GTT,454,1323,165.0,117.3,1.4066496163682864,5.237366398633116e-05,0.0001862174719513997,0.00029267635757067415,0.4922630111046697
AST,TCT,34,1743,91.25,128.0,0.712890625,0.010894363545526404,0.024042733341851374,0.026368523231210406,0.48824734623262045
AST,TAC,30,1747,91.0,127.0,0.7165354330708661,0.96465030631452,0.96465030631452,0.9697542761892,0.4808900465734697
ALT,AGC,97,1882,73.0,101.525,0.7190347205121891,0.47225851829483945,0.530255178436311,0.5903231478685492,0.47586665815694595
CREA,TGC,11,748,0.15,0.10833333333333334,1.3846153846153846,0.0014992749532267528,0.0044978248596802585,0.0049541259324014444,0.4694852833012202
CREA,TAC,13,746,0.15,0.10833333333333334,1.3846153846153846,0.0006278708193327711,0.002197547867664699,0.0025114832773310844,0.4694852833012202
AST,TGC,32,1745,92.5,128.0,0.72265625,0.04628454328069849,0.07258998416907339,0.0881415565280511,0.46861853948368787
ALT,ATA,306,1673,76.0,105.0,0.7238095238095238,0.01836325943638411,0.0391749534642861,0.04135916968419194,0.46631800422253716
TBIL,TCT,18,1384,0.14500000000000002,0.2,0.7250000000000001,0.0017374895679303005,0.004277595513436471,0.00559530538825012,0.46394709975979004
TBIL,CCG,18,1384,0.14500000000000002,0.2,0.7250000000000001,0.0027284883924941954,0.005417496577029421,0.008163981016911766,0.46394709975979004
TBIL,ACA,34,1368,0.14500000000000002,0.2,0.7250000000000001,0.0007593087469711682,0.002517707950483347,0.0028287972926376854,0.46394709975979004
AST,TTG,461,1316,162.0,117.65,1.3769655758606034,2.320855587379346e-05,9.283422349517384e-05,0.00015472370582528974,0.4614924925476895
ALT,CGA,29,1950,74.0,101.0,0.7326732673267327,0.7290698456705578,0.777674502048595,0.8030334532023534,0.44875811712284497
CREA,GCC,9,750,0.15,0.11,1.3636363636363635,0.05562562151377085,0.1168138051789188,0.10311090817186792,0.44745897697122117
TBIL,CTG,30,1372,0.15,0.2,0.7499999999999999,1.9198756936469987e-05,0.00020158694783293488,0.00013027727921176063,0.41503749927884404
TBIL,CGA,13,1389,0.15,0.2,0.7499999999999999,0.017330979324731863,0.027296292436452686,0.039435761337713225,0.41503749927884404
TBIL,TCC,79,1323,0.15,0.2,0.7499999999999999,1.3307161362569423e-07,3.638892489820707e-06,1.685573772592127e-06,0.41503749927884404
TBIL,GAC,37,1365,0.15,0.2,0.7499999999999999,0.0002593085358881834,0.0012566490585350428,0.0011197414049717012,0.41503749927884404
ALT,ATG,470,1509,82.5,110.0,0.75,0.1542665999301537,0.21006515735169867,0.245602514223471,0.4150374992788438
AST,GGG,134,1643,99.0,132.0,0.75,0.0074964563746478365,0.017134757427766482,0.01911847934473945,0.4150374992788438
TBIL,CAC,27,1375,0.15000000000000002,0.2,0.7500000000000001,0.0002852839473518368,0.0012837777630832657,0.0012180662920640221,0.4150374992788436
AST,GCG,11,1766,96.0,127.66666666666666,0.751958224543081,0.15829961271992787,0.21555691944841243,0.24856963980815122,0.41127558048264456
ALT,AGA,225,1754,78.0,103.5,0.7536231884057971,0.005888866106569087,0.01449567041617006,0.01575893746828347,0.40808473863707684
CREA,CCC,10,749,0.14500000000000002,0.11,1.3181818181818183,0.09902669133516519,0.1834906339445708,0.17104610321528532,0.39854937649027505
ALT,GTA,288,1691,125.4,96.0,1.3062500000000001,0.012591288663392392,0.0277876715330039,0.02917493714688481,0.38543103719352056
CREA,CTT,65,694,0.13,0.1,1.3,1.3358591484850602e-05,0.00016831825270911759,9.400490304154127e-05,0.37851162325372983
CREA,CAG,66,693,0.13,0.1,1.3,3.289123455592917e-06,7.647226425013033e-05,2.975873602679306e-05,0.37851162325372983
CREA,TCC,60,699,0.13,0.10000000000000002,1.2999999999999998,0.00011754750303374165,0.0006171243909271437,0.0005801045604262575,0.3785116232537296
CREA,TTC,57,702,0.13,0.10000000000000002,1.2999999999999998,7.442735973458999e-05,0.0004262657875708336,0.0003874300917690986,0.3785116232537296
CREA,CCA,47,712,0.13,0.10000000000000002,1.2999999999999998,0.002050781544322809,0.005872692604197135,0.006387680220021863,0.3785116232537296
CREA,GGC,44,715,0.13,0.10000000000000002,1.2999999999999998,0.000409103068934551,0.0016108433339297947,0.001727324068834771,0.3785116232537296
CREA,GCA,43,716,0.13,0.10000000000000002,1.2999999999999998,0.00022628206591725813,0.0009503846768524842,0.0010211836232854525,0.3785116232537296
CREA,TCA,43,716,0.13,0.10000000000000002,1.2999999999999998,6.49101117890909e-05,0.0004089337042712727,0.00035236917828363634,0.3785116232537296
AST,GAA,263,1514,103.0,133.0,0.7744360902255639,5.076941482993184e-05,0.0001862174719513997,0.0002923087520511227,0.3687819083179712
TBIL,ATC,24,1378,0.155,0.2,0.7749999999999999,0.004364307905963221,0.00808680582575538,0.012284718550118695,0.3677317845004873
TBIL,ACC,8,1394,0.155,0.2,0.7749999999999999,0.12215555185898808,0.16729999493730977,0.20539429073635165,0.3677317845004873
TBIL,GTC,52,1350,0.155,0.2,0.7749999999999999,2.860893025235243e-05,0.0002574803722711719,0.00018743781889472283,0.3677317845004873
TBIL,CCC,12,1390,0.155,0.2,0.7749999999999999,0.02670170835350086,0.03912110758768731,0.05575081963917763,0.3677317845004873
TBIL,CAT,38,1364,0.155,0.2,0.7749999999999999,0.0006887589149914927,0.002517707950483347,0.0027041297654578737,0.3677317845004873
AST,AAT,428,1349,108.0,139.0,0.7769784172661871,5.092881379415612e-06,2.3281743448757085e-05,4.1176487748466656e-05,0.3640535705600388
AST,TTT,616,1161,149.0,116.0,1.2844827586206897,4.768715051583532e-06,2.3281743448757085e-05,4.1001002349276226e-05,0.36118752533458953
ALT,GGA,301,1678,81.0,104.0,0.7788461538461539,0.10345053759680113,0.15397289316733193,0.17707749678731724,0.36058971525646744
AST,AGA,199,1578,103.0,131.9,0.7808946171341925,0.0045151361554727765,0.011558748558010307,0.012615821610879817,0.3568002271809641
CREA,CTA,10,749,0.14,0.11,1.272727272727273,0.005989648647236735,0.01572282769899643,0.01591654885279692,0.3479233034203071
TBIL,CGT,6,1396,0.1575,0.2,0.7875,0.07366222927168842,0.10312712098036378,0.13080208936094206,0.3446481713874459
BUN,CGC,14,1552,19.0,24.0,0.7916666666666666,0.02584084389228255,0.053348839003422036,0.054552892661485386,0.33703498727757075
AST,GTA,262,1515,157.5,125.0,1.26,0.23581454024077586,0.29592412892960107,0.3407206284847712,0.3334237337251918
AST,ATG,413,1364,108.0,136.0,0.7941176470588235,0.006487937327951777,0.015378814406996804,0.01677153867089575,0.3325753390868709
ALT,GGG,139,1840,81.0,102.0,0.7941176470588235,0.33827883413679727,0.40848764876896276,0.45909270347136777,0.3325753390868709
TBIL,GCT,77,1325,0.16,0.2,0.7999999999999999,0.0006144441270619777,0.002517707950483347,0.002483923066846293,0.32192809488736246
TBIL,GGC,43,1359,0.16,0.2,0.7999999999999999,0.01932834354640564,0.029158473771438567,0.04319773892064972,0.32192809488736246
TBIL,TTC,80,1322,0.16,0.2,0.7999999999999999,6.801704824218393e-06,8.570148078515176e-05,5.274791496332631e-05,0.32192809488736246
TBIL,AGC,63,1339,0.16,0.2,0.7999999999999999,0.0007421730213860543,0.002517707950483347,0.002792334139868323,0.32192809488736246
AST,AGC,82,1695,102.9,128.0,0.80390625,0.4224218204701716,0.5006480835202034,0.5478508251831578,0.31490082799339375
ALT,ATC,69,1910,125.0,100.5,1.243781094527363,0.4578345224594619,0.523239454239385,0.581863272690955,0.3147325934831583
CREA,TAG,102,657,0.089,0.11,0.8090909090909091,4.2529415205094495e-07,2.6793531579209534e-05,5.050368055604971e-06,0.30562628255826185
ALT,GAG,302,1677,119.0,97.0,1.2268041237113403,0.03670443200817244,0.06525232357008433,0.07264418834950795,0.29490492112081595
CREA,GTA,100,659,0.09,0.11,0.8181818181818181,4.855381857151132e-06,7.647226425013033e-05,4.1001002349276226e-05,0.289506617194985
CREA,ATA,118,641,0.09,0.11,0.8181818181818181,3.533402925695735e-05,0.00024733820479870143,0.00021656340512328696,0.289506617194985
TBIL,TCA,64,1338,0.16366666666666668,0.2,0.8183333333333334,0.0002284226525770091,0.0011992189260292979,0.0010211836232854525,0.2892394761811878
TBIL,ACT,38,1364,0.1645,0.2,0.8225,0.0023011974931253874,0.005177694359532122,0.007052056833771348,0.2819124160394832
TBIL,GCC,25,1377,0.165,0.2,0.825,0.010154380261703505,0.0168348935917716,0.0247350288426111,0.27753397552890896
AST,GGA,278,1499,109.0,132.0,0.8257575757575758,0.03498728730069922,0.05892595755907237,0.06997457460139844,0.276209794581527
AST,CTG,49,1728,106.0,128.0,0.828125,0.024962191118786246,0.04564514947435199,0.05309908971213901,0.2720795454368008
ALT,TGG,481,1498,116.0,96.15,1.206448257930317,0.022782303471624497,0.04418386127830205,0.04918906431373471,0.27076604267503707
ALT,TAG,279,1700,86.0,103.5,0.8309178743961353,0.14717559070095296,0.20804844484463517,0.23697764604390728,0.26722220279722725
ALT,AAG,328,1651,86.5,104.0,0.8317307692307693,0.18367059046242862,0.23989628142031494,0.2825701391729671,0.2658114905043675
CREA,TTT,297,462,0.12,0.1,1.2,4.081568751653123e-06,7.647226425013033e-05,3.606967734019039e-05,0.2630344058337938
CREA,ATC,29,730,0.12,0.10000000000000002,1.1999999999999997,0.01153941617708652,0.027960893044478876,0.02744989586209422,0.2630344058337935
CREA,AGC,56,703,0.12,0.10000000000000002,1.1999999999999997,0.0005210153058892734,0.0019308214277073076,0.0021520197417165643,0.2630344058337935
CREA,GCT,61,698,0.12,0.10000000000000002,1.1999999999999997,3.232903965364558e-05,0.00024733820479870143,0.00020139401751451347,0.2630344058337935
TBIL,CCT,42,1360,0.167,0.2,0.835,0.01329933723046244,0.021483544756900865,0.030628776651974103,0.2601518973006725
AST,TGG,442,1335,147.3,123.0,1.1975609756097563,0.04650295860831264,0.07258998416907339,0.0881415565280511,0.26009911480924724
ALT,GAT,282,1697,116.9,99.0,1.180808080808081,0.08112128981428482,0.1297940637028557,0.14205571488215774,0.23977449956468458
TBIL,CTT,89,1313,0.17,0.2,0.85,0.0018332552200442018,0.004277595513436471,0.005805308196806639,0.23446525363702297
TBIL,GCA,39,1363,0.17,0.2,0.85,0.15688069028354187,0.20590590599714872,0.2473637440155432,0.23446525363702297
TBIL,CAG,88,1314,0.17,0.2,0.85,0.0012250206725807514,0.0035080137442085155,0.004310257922043385,0.23446525363702297
AST,ATA,271,1506,112.5,132.0,0.8522727272727273,0.02007018407478201,0.03777917002311908,0.044338937484777116,0.23061292814141635
AST,GCC,40,1737,148.66666666666666,127.0,1.1706036745406823,0.9299628812349078,0.944724196810065,0.9423623863180399,0.2272527124269825
ALT,GGT,431,1548,115.0,99.0,1.1616161616161615,0.1027615221612148,0.15397289316733193,0.1766940200057087,0.21613343086476552
CREA,TCT,17,742,0.125,0.10833333333333334,1.1538461538461537,0.024086870073059024,0.056202696837137724,0.051711924450635195,0.20645087746742624
AST,GGT,385,1392,143.0,124.5,1.1485943775100402,0.12595268920317498,0.18320391156825452,0.20809574737915867,0.19986940471030856
ALT,AGT,470,1509,112.25,98.0,1.1454081632653061,0.17637257814363627,0.23516343752484836,0.2758089699365506,0.19586179062593875
BUN,TTC,101,1465,27.1,23.7,1.1434599156118144,7.011377262056048e-17,4.487281447715871e-15,8.881077865270994e-15,0.19340579245561249
AST,AAG,309,1468,114.0,129.75,0.8786127167630058,0.012489231982942274,0.02497846396588455,0.029116000941828615,0.18670071419313913
CREA,CTC,21,738,0.125,0.11,1.1363636363636365,0.04397568753197972,0.09553339015568008,0.08525898603138923,0.18442457113742758
AST,GAT,264,1513,142.0,125.0,1.136,0.05819860119288127,0.0886835827701048,0.1068380118516661,0.1839628348425949
BUN,GCT,88,1478,27.0,23.8,1.134453781512605,3.778222998781331e-11,4.836125438440104e-10,1.1964372829474215e-09,0.18199783374288733
BUN,TCC,90,1476,26.8185,23.7,1.1315822784810128,9.116772917848914e-13,1.4586836668558262e-11,3.849304120869541e-11,0.1783414882202948
BUN,CCT,42,1524,27.0,23.8875,1.130298273155416,1.2435388423649216e-06,6.632207159279582e-06,1.2771480002666763e-05,0.17670353407337444
BUN,CTT,103,1463,26.5,23.7,1.118143459915612,4.740444351241494e-14,1.516942192397278e-12,3.002281422452946e-12,0.16110530055230257
BUN,CGA,15,1551,21.5,24.0,0.8958333333333334,0.009122234384918212,0.020850821451241626,0.02239045271302965,0.15869774601905817
CREA,GTC,22,737,0.1225,0.11,1.1136363636363635,0.0761461760646879,0.14991278412735431,0.13396086529898799,0.15527822547791084
BUN,CAA,59,1507,26.5,23.8,1.1134453781512605,1.1029503738864796e-08,9.888290869122305e-08,1.746338091986926e-07,0.15503078614261806
TBIL,AAA,193,1209,0.18,0.2,0.8999999999999999,4.9786025307507225e-06,7.841298985932388e-05,4.1127586123592926e-05,0.1520030934450501
ALB,CAC,15,856,3.0,2.7,1.111111111111111,0.0061297039404397255,0.05334683645067031,0.016065697851388873,0.15200309344504975
ALB,CCT,20,851,3.0,2.7,1.111111111111111,0.029406741969545836,0.13905145187706774,0.060731314937105534,0.15200309344504975
ALB,CCC,9,862,3.0,2.7,1.111111111111111,0.03139871493998304,0.13905145187706774,0.06312969141372252,0.15200309344504975
BUN,CAG,105,1461,26.3,23.7,1.109704641350211,1.1231921277668131e-13,2.3961432059025344e-12,6.0973286935912715e-12,0.15017574039404324
BUN,AGC,76,1490,26.4,23.8,1.1092436974789914,9.150322524667395e-08,6.506896017541259e-07,1.1990077790943483e-06,0.1495763560505097
BUN,CAT,43,1523,26.5,23.9,1.1087866108786613,4.235264859443087e-05,0.0001694105943777235,0.0002514688510294333,0.1489817414698132
BUN,TGC,22,1544,26.45,24.0,1.1020833333333333,0.0014895134604219543,0.00414473310726109,0.0049541259324014444,0.1402333165055072
ALB,CGT,5,866,2.975,2.7,1.1018518518518519,0.1329110713036926,0.3169417854164977,0.21676483731932697,0.139930261144475
CREA,GGG,80,679,0.1,0.11,0.9090909090909092,0.21449502235921802,0.3378296602157684,0.3159229011492358,0.13750352374993477
CREA,AGA,100,659,0.1,0.11,0.9090909090909092,0.006331457117012788,0.015955271934872225,0.01647913496208808,0.13750352374993477
CREA,TAT,184,575,0.1,0.11,0.9090909090909092,3.101838001428348e-05,0.00024733820479870143,0.00019693938091039202,0.13750352374993477
CREA,TAA,126,633,0.1,0.11,0.9090909090909092,0.8088264367664055,0.8625548682439441,0.8561394038195935,0.13750352374993477
CREA,ACG,5,754,0.1,0.11,0.9090909090909092,0.3705820592739417,0.5558730889109126,0.49760135167525743,0.13750352374993477
CREA,TTG,194,565,0.1,0.11,0.9090909090909092,0.48476903084258427,0.6497967860230385,0.5980916614291625,0.13750352374993477
CREA,AGT,164,595,0.1,0.11,0.9090909090909092,0.18037039593236948,0.29903513009840205,0.27975816511959345,0.13750352374993477
CREA,ATG,148,611,0.1,0.11,0.9090909090909092,0.030519001362443253,0.06866775306549733,0.06245170058630527,0.13750352374993477
CREA,ATT,237,522,0.1,0.11,0.9090909090909092,0.06099926524158242,0.12396624871676427,0.11144096534519864,0.13750352374993477
CREA,GAT,113,646,0.1,0.11,0.9090909090909092,0.0006978527559762004,0.0023139328224474013,0.0027041297654578737,0.13750352374993477
CREA,AAA,106,653,0.1,0.11,0.9090909090909092,0.3944074635685928,0.5647197773823034,0.5194854174974521,0.13750352374993477
CREA,GTT,182,577,0.1,0.11,0.9090909090909092,0.4782539640750094,0.6497967860230385,0.593910151465698,0.13750352374993477
CREA,GCG,5,754,0.1,0.11,0.9090909090909092,0.8777311777582402,0.8918881322382118,0.9014536420219763,0.13750352374993477
CREA,GGT,160,599,0.1,0.11,0.9090909090909092,0.08921215642608697,0.17031411681343875,0.15550742863262867,0.13750352374993477
CREA,TGA,152,607,0.11,0.10000000000000002,1.0999999999999999,0.5786068634476187,0.7438958633782486,0.6870956503440472,0.13750352374993474
CREA,AGG,195,564,0.11,0.10000000000000002,1.0999999999999999,0.40545366743892375,0.5676351344144932,0.5307918819587535,0.13750352374993474
CREA,TGG,179,580,0.11,0.10000000000000002,1.0999999999999999,0.6601169163647713,0.7701364024255666,0.7555555066825695,0.13750352374993474
CREA,GTG,138,621,0.11,0.10000000000000002,1.0999999999999999,0.6447974825863547,0.7664573849611386,0.7402508863529147,0.13750352374993474
BUN,GAC,38,1528,26.299999999999997,23.95,1.0981210855949894,9.358916761169705e-05,0.0003327614848415895,0.00048059302287087677,0.13503714355612195
BUN,ACG,9,1557,22.0,24.0,0.9166666666666666,0.21928354108696546,0.334146348322995,0.32049132928094953,0.12553088208385899
BUN,CCG,20,1546,22.0,24.0,0.9166666666666666,0.12499061702718992,0.21619998620919337,0.2077914513175583,0.12553088208385899
BUN,CGT,7,1559,22.0,24.0,0.9166666666666666,0.2058791269216671,0.32940660307466735,0.3056018290243496,0.12553088208385899
CREA,CGA,5,754,0.12,0.11,1.0909090909090908,0.2893785066225153,0.444654778468743,0.4057705996920879,0.12553088208385882
CREA,GAC,11,748,0.12,0.11,1.0909090909090908,0.5176029577994498,0.6793538821117778,0.6263984839611175,0.12553088208385882
CREA,ACA,27,732,0.12,0.11,1.0909090909090908,0.1428555170485684,0.24999715483499468,0.23198759178827344,0.12553088208385882
CREA,CAT,15,744,0.12,0.11,1.0909090909090908,0.1252216903992654,0.2253990427186777,0.2077914513175583,0.12553088208385882
BUN,GTC,56,1510,26.0,23.837500000000002,1.090718405873099,2.482096563153116e-06,1.2219552310907647e-05,2.4184530615338053e-05,0.12527868471569814
BUN,CCA,54,1512,26.05,23.9,1.089958158995816,7.917080119999077e-06,3.619236626285293e-05,6.016980891199299e-05,0.12427275429775987
AST,TAT,395,1382,120.0,129.75,0.9248554913294798,0.7001109903457275,0.746785056368776,0.7854634960733743,0.11270013274936232
ALB,GAC,11,860,2.5,2.7,0.9259259259259258,0.05634540392448511,0.17467075216590383,0.10393812374419582,0.11103131238874402
ALB,ACC,8,863,2.9,2.7,1.074074074074074,0.22714903792765373,0.48562897763843216,0.32945280310117714,0.10309349296410342
ALB,CCA,48,823,2.9,2.7,1.074074074074074,0.007743895613806981,0.05334683645067031,0.019487949226799025,0.10309349296410342
ALB,TTC,57,814,2.9,2.7,1.074074074074074,0.005336255930608814,0.05334683645067031,0.014694038069792385,0.10309349296410342
ALB,TCC,58,813,2.9,2.7,1.074074074074074,0.0013012595441566303,0.026892697245903693,0.004508081556412736,0.10309349296410342
BUN,GGC,49,1517,25.6,23.9,1.0711297071129708,0.00010243457960608984,0.00034398693267703636,0.0005190018700041885,0.09913319201925162
ALT,TGA,413,1566,106.0,99.0,1.0707070707070707,0.24355615902797445,0.3117518835558073,0.3492503412476615,0.09856383448358957
BUN,TCA,79,1487,25.5,23.875,1.068062827225131,5.555020688072633e-07,3.2320120366968046e-06,5.863632948521112e-06,0.09499651393574693
AST,AGT,417,1360,133.5,125.0,1.068,0.44329583324241295,0.5158351514093532,0.5690960021355301,0.09491164702546698
TBIL,GAA,204,1198,0.1875,0.2,0.9375,0.0007116130961731246,0.002517707950483347,0.0027041297654578737,0.09310940439148147
BUN,GCA,47,1519,25.6,24.0,1.0666666666666667,0.0007102382181456239,0.0020661475436963605,0.0027041297654578737,0.09310940439148145
AST,TAA,315,1462,121.0,129.0,0.937984496124031,0.11333081661923272,0.16867842473560218,0.19225763533619838,0.0923640181486596
CREA,CAA,45,714,0.11,0.10333333333333335,1.064516129032258,0.20157761699904186,0.32562538130614455,0.3003901743515134,0.09019780897157816
BUN,CTG,33,1533,25.5,24.0,1.0625,0.0007068930008177676,0.0020661475436963605,0.0027041297654578737,0.0874628412503394
BUN,ACC,10,1556,25.5,24.0,1.0625,0.4270388305497116,0.5693851073996155,0.5500839173182726,0.0874628412503394
BUN,ATA,250,1316,22.6,24.0,0.9416666666666668,1.236036358640288e-08,9.888290869122305e-08,1.878775265133238e-07,0.08671163319333067
ALT,TAA,325,1654,96.3,102.0,0.9441176470588235,0.4505294482358566,0.523239454239385,0.5764349842748334,0.08296144901539866
BUN,GTA,247,1319,22.7,24.0,0.9458333333333333,1.2954573915759602e-09,1.3818212176810241e-08,2.5909147831519202e-08,0.08034210831760359
ALT,TTA,542,1437,97.5,103.0,0.9466019417475728,0.8588501384705008,0.872482680350985,0.884452717124093,0.07917021343360765
AST,ATT,544,1233,123.2,130.0,0.9476923076923077,0.47441443884709267,0.5326758611616479,0.591073727088181,0.07750936722091545
AST,TAG,243,1534,122.0,128.5,0.9494163424124513,0.6668168204318308,0.7233267204684266,0.7609321073996869,0.07488721163099189
TBIL,GGG,117,1285,0.19,0.2,0.95,0.019438982514292377,0.029158473771438567,0.04319773892064972,0.07400058144377693
TBIL,AAG,258,1144,0.19,0.2,0.95,0.0025854333470111826,0.005417496577029421,0.007797338665589282,0.07400058144377693
ALB,GTA,121,750,2.59,2.7225,0.9513314967860421,7.465055801001629e-08,4.628334596621011e-06,1.0131147158502212e-06,0.07197995103035316
ALB,TAT,218,653,2.6,2.73125,0.9519450800915331,0.0009577948748602954,0.026892697245903693,0.0035336121596787596,0.07104975135950631
ALT,AGG,441,1538,105.0,100.0,1.05,0.27901022619331795,0.3501304799288696,0.3938078691501329,0.070389327891398
TBIL,TAC,17,1385,0.21,0.2,1.0499999999999998,0.7556156791016757,0.7933964630567595,0.8138277623098309,0.0703893278913977
BUN,TAG,229,1337,22.9,24.0,0.9541666666666666,4.6694202570706876e-05,0.00017578993908972,0.0002729814919518248,0.06768680751157469
CREA,CGG,12,747,0.10500000000000001,0.11,0.9545454545454546,0.955443805841995,0.955443805841995,0.9649637366611098,0.06711419585853691
CREA,TTA,210,549,0.10500000000000001,0.11,0.9545454545454546,0.8397912712870075,0.8673254113292045,0.8743032413398982,0.06711419585853691
ALT,GCC,47,1932,96.33333333333333,100.9,0.9547406673273867,0.5935126350844482,0.6549104938862876,0.6939532348679702,0.06681918243947246
BUN,ACT,49,1517,25.0,23.875,1.0471204188481675,1.2050553299500966e-05,5.141569407787079e-05,8.640019346812015e-05,0.066427361738976
BUN,GGG,126,1440,25.0,23.95,1.0438413361169103,0.011557850889302829,0.025506981272944176,0.02744989586209422,0.06190243892590693
BUN,ATC,32,1534,23.0,24.0,0.9583333333333334,0.7063195602971095,0.7954306204871238,0.787100976284169,0.061400544664143256
BUN,ATG,367,1199,23.0,24.0,0.9583333333333334,0.020798497735781577,0.0443701285030007,0.045278688400735304,0.061400544664143256
BUN,GAT,235,1331,23.0,24.0,0.9583333333333334,0.00010749591646157387,0.00034398693267703636,0.0005374795823078693,0.061400544664143256
BUN,TAT,364,1202,23.0,24.0,0.9583333333333334,0.003279821276575397,0.008746190070867726,0.009587169885374237,0.061400544664143256
BUN,AAT,377,1189,23.0,24.0,0.9583333333333334,0.003534174121142319,0.009047485750124337,0.010097640346120913,0.061400544664143256
BUN,TAA,299,1267,23.0,24.0,0.9583333333333334,5.234575580133298e-07,3.2320120366968046e-06,5.683253487001867e-06,0.061400544664143256
BUN,TCG,13,1553,23.0,24.0,0.9583333333333334,0.733381077130602,0.7954306204871238,0.8054474257503721,0.061400544664143256
BUN,GTG,307,1259,23.0,24.0,0.9583333333333334,0.003986072846175042,0.009811871621353949,0.011303788668257582,0.061400544664143256
BUN,CAC,28,1538,25.0,24.0,1.0416666666666667,0.708866012581722,0.7954306204871238,0.78762890286858,0.058893689053568614
BUN,CCC,13,1553,25.0,24.0,1.0416666666666667,0.5916967258468646,0.7145017066830063,0.6939532348679702,0.058893689053568614
BUN,ACA,36,1530,25.0,24.0,1.0416666666666667,0.4240939459430315,0.5693851073996155,0.5481486376134421,0.058893689053568614
BUN,AAC,17,1549,25.0,24.0,1.0416666666666667,0.2190978844039777,0.334146348322995,0.32049132928094953,0.058893689053568614
BUN,TCT,24,1542,25.0,24.0,1.0416666666666667,0.028287394312081104,0.05657478862416221,0.05873885157699901,0.058893689053568614
BUN,CTC,28,1538,25.0,24.0,1.0416666666666667,0.007729112560454489,0.01832085940255879,0.019487949226799025,0.058893689053568614
ALT,ATT,585,1394,98.0,102.0,0.9607843137254902,0.7578665250941565,0.795138649279115,0.8138277623098309,0.05771549785628733
TBIL,AAT,294,1108,0.19233333333333333,0.2,0.9616666666666666,5.8423279018260495e-05,0.0004089629531278235,0.00032175139169476793,0.056391181850398556
BUN,GAG,268,1298,23.1,24.0,0.9625,0.04632566197788598,0.08984370807832431,0.0881415565280511,0.05514155419246095
BUN,TTG,407,1159,23.1,24.0,0.9625,0.11785136548200649,0.2095135386346782,0.1990378617029443,0.05514155419246095
ALB,CCG,6,865,2.6,2.7,0.9629629629629629,0.4676978019784276,0.7072503346990856,0.587596952173302,0.05444778402237646
ALB,CTA,11,860,2.6,2.7,0.9629629629629629,0.4064748359210455,0.6461907647975595,0.5307918819587535,0.05444778402237646
ALB,CAT,15,856,2.6,2.7,0.9629629629629629,0.5971077517439127,0.7555240940433182,0.6960151707444382,0.05444778402237646
ALB,ATC,29,842,2.6,2.7,0.9629629629629629,0.04662224437404808,0.16058773062172113,0.0881415565280511,0.05444778402237646
ALB,ATA,129,742,2.6,2.7,0.9629629629629629,0.0070733307730112,0.05334683645067031,0.01816125468746119,0.05444778402237646
ALB,TAG,124,747,2.6,2.7,0.9629629629629629,0.0028332870445611715,0.04391594919069816,0.008346116875451512,0.05444778402237646
ALB,ACA,21,850,2.6,2.7,0.9629629629629629,0.39508233067569387,0.644608013207711,0.5194854174974521,0.05444778402237646
ALB,CTG,23,848,2.8,2.7,1.037037037037037,0.005393133480123018,0.05334683645067031,0.014740938938410107,0.05246741989413548
ALB,GCC,10,861,2.8,2.7,1.037037037037037,0.5889031075408456,0.7555240940433182,0.6939532348679702,0.05246741989413548
ALB,CAA,41,830,2.8,2.7,1.037037037037037,0.48176707378863637,0.7111799660689394,0.5963240652758366,0.05246741989413548
ALB,CAG,64,807,2.8,2.7,1.037037037037037,0.07478741667959568,0.2016008623536927,0.13218241087556445,0.05246741989413548
ALB,GCA,43,828,2.8,2.7,1.037037037037037,0.3208523782363376,0.5638999106064613,0.4401584972195245,0.05246741989413548
ALB,GCT,57,814,2.8,2.7,1.037037037037037,0.031231678490371766,0.13905145187706774,0.06312969141372252,0.05246741989413548
ALB,GGG,81,790,2.8,2.7,1.037037037037037,0.37049703676147583,0.6208328724111216,0.49760135167525743,0.05246741989413548
ALB,AGC,54,817,2.8,2.7,1.037037037037037,0.19835677715554612,0.4392185779872807,0.29792717517433803,0.05246741989413548
ALB,ACT,19,852,2.8,2.7,1.037037037037037,0.1241073267801132,0.3169417854164977,0.20775675848653313,0.05246741989413548
ALB,CTT,63,808,2.8,2.7,1.037037037037037,0.06324548532834191,0.18672476620748565,0.11499179150607619,0.05246741989413548
ALB,TGC,11,860,2.8,2.7,1.037037037037037,0.1289255991983859,0.3169417854164977,0.21208540127873005,0.05246741989413548
BUN,TGA,350,1216,23.2,24.0,0.9666666666666667,0.19541654986066004,0.32068356900210876,0.2958497567611586,0.0489096004809464
AST,GAG,280,1497,130.9,127.0,1.0307086614173229,0.3456129579069618,0.4253697943470299,0.4673769537531868,0.04363660028571262
ALB,AGG,228,643,2.7800000000000002,2.7,1.0296296296296297,0.01379822070327341,0.07777178941845013,0.03158628835689094,0.0421254756726766
ALB,GGA,127,744,2.77,2.7,1.025925925925926,0.046201880831229704,0.16058773062172113,0.0881415565280511,0.03692656899835741
BUN,GCG,8,1558,23.4,24.0,0.975,0.5030447986227282,0.6434094749520795,0.6146528086065489,0.03652587602511404
BUN,GGA,247,1319,23.4,24.0,0.975,0.4129053349172709,0.5693851073996155,0.5373425591389142,0.03652587602511404
AST,TGA,380,1397,130.25,127.0,1.0255905511811023,0.38877175947054765,0.46946023785122737,0.5147500648042094,0.03645487550634231
AST,TTA,487,1290,126.0,129.0,0.9767441860465116,0.8325799960479339,0.8735265532306191,0.8739790013762843,0.03394733192333771
AST,CGA,17,1760,130.0,127.0,1.0236220472440944,0.49657434049341975,0.547944099854808,0.6106739462378625,0.033683126256288595
BUN,GGT,358,1208,23.5,24.0,0.9791666666666666,0.06965022146009373,0.12736040495559994,0.12543641779542947,0.030373649043518865
BUN,CGG,15,1551,24.5,24.0,1.0208333333333333,0.6741885559729908,0.7845103196776619,0.7670408720650793,0.02974734339405193
BUN,AAA,230,1336,23.549999999999997,24.0,0.9812499999999998,0.8551079750411718,0.8686811175021427,0.882991930749036,0.02730734599573557
ALB,ACG,6,865,2.6500000000000004,2.7,0.9814814814814815,0.5534769863378441,0.7459907207162247,0.6613875937370465,0.02696704760026932
ALB,CGG,8,863,2.6500000000000004,2.7,0.9814814814814815,0.26266871059455343,0.4934987896018883,0.3724407090519788,0.02696704760026932
ALB,CTC,20,851,2.75,2.7,1.0185185185185184,0.2557557863430644,0.4934987896018883,0.3639969992897546,0.02647221136119086
BUN,AGA,179,1387,23.6,24.0,0.9833333333333334,0.5623301952980797,0.6920987019053289,0.6698604207312548,0.024247546246677184
CREA,GGA,119,640,0.11,0.10833333333333334,1.0153846153846153,0.5933613513431047,0.7438958633782486,0.6939532348679702,0.02202630632999885
ALB,CGA,6,865,2.66,2.7,0.9851851851851852,0.5512966149159498,0.7459907207162247,0.6608602954828421,0.02153316154964132
ALB,ATG,181,690,2.66,2.7,0.9851851851851852,0.011854901779045367,0.07350039103008128,0.02793593154576372,0.02153316154964132
BUN,AGT,396,1170,23.666666666666668,24.0,0.9861111111111112,0.33439768285528926,0.4755878156164114,0.4554520411649101,0.02017788193763023
BUN,TGG,388,1178,23.683333333333334,24.0,0.9868055555555556,0.5127169253524383,0.6434094749520795,0.6244629219036107,0.019162257086894306
BUN,ATT,485,1081,23.7,24.0,0.9874999999999999,0.7463549554724256,0.7954306204871238,0.8103282373700621,0.01814734671025952
ALT,TAT,430,1549,100.0,101.0,0.9900990099009901,0.9703238996429768,0.9703238996429768,0.9703238996429768,0.014355292977070054
ALB,GAA,116,755,2.675,2.7,0.9907407407407406,0.5161970782401522,0.7442841593230101,0.6263984839611175,0.013420515762321818
ALB,ATT,292,579,2.6950000000000003,2.72,0.9908088235294118,0.0733942719190726,0.2016008623536927,0.13080208936094206,0.01332137849783389
BUN,TTT,562,1004,24.0,23.8,1.0084033613445378,0.04987533752613061,0.09388298828448115,0.0933627007878307,0.012072832300574972
BUN,TGT,432,1134,23.8,24.0,0.9916666666666667,0.19417228015092558,0.32068356900210876,0.2951418658294069,0.01207283230057497
BUN,GTT,409,1157,23.8,24.0,0.9916666666666667,0.9573456018979958,0.9573456018979958,0.9649637366611098,0.01207283230057497
AST,AGG,417,1360,126.0,127.0,0.9921259842519685,0.920445035421156,0.944724196810065,0.9359350486198441,0.011404763272249362
ALB,AGA,108,763,2.6900000000000004,2.7,0.9962962962962963,0.049397883905766674,0.1611930948503965,0.09292671229797692,0.005353234494206675
TBIL,GTG,302,1100,0.20000000000000004,0.2,1.0000000000000002,0.005430872240466881,0.009775570032840386,0.014740938938410107,3.203426503814917e-16
ALB,GTC,17,854,2.7,2.7,1.0,0.040581793232512826,0.1572544487759872,0.07908246886335832,0.0
CREA,CCG,9,750,0.11,0.11,1.0,0.614009284058237,0.7438958633782486,0.7091900545353497,0.0
BUN,TAC,25,1541,24.0,24.0,1.0,0.27981085439614706,0.4164626670082189,0.3938078691501329,0.0
ALB,GTG,160,711,2.7,2.7,1.0,0.5371256163437411,0.7459907207162247,0.6459105512994355,0.0
ALB,GTT,210,661,2.7,2.7,1.0,0.18960594073497916,0.4353914194655077,0.2893584637722573,0.0
BUN,TTA,441,1125,24.0,24.0,1.0,0.4546725674819808,0.5938580473234035,0.5797838108830627,0.0
ALB,GGT,173,698,2.7,2.7,1.0,0.5868322161321542,0.7555240940433182,0.6939532348679702,0.0
ALB,TCG,7,864,2.7,2.7,1.0,0.609762793324446,0.7561058637223131,0.7085928485115887,0.0
ALB,GAT,129,742,2.7,2.7,1.0,0.24067198662921874,0.49232804151859044,0.3464217989359966,0.0
ALB,GAG,138,733,2.7,2.7,1.0,0.8525101931328798,0.8958581690548906,0.8827081018814559,0.0
BUN,AAG,288,1278,24.0,24.0,1.0,0.7288248272660403,0.7954306204871238,0.8030334532023534,0.0
CREA,CGC,5,754,0.11,0.11,1.0,0.8214808268989944,0.8625548682439441,0.8647166598936783,0.0
ALB,GGC,46,825,2.7,2.7,1.0,0.7456885477675057,0.8561609252145436,0.8103282373700621,0.0
BUN,GAA,228,1338,24.0,24.0,1.0,0.31811774351589683,0.46271671784130447,0.4379881975943507,0.0
ALB,TCA,41,830,2.7,2.7,1.0,0.7415750314041808,0.8561609252145436,0.8099005829160327,0.0
CREA,GAG,130,629,0.11,0.11,1.0,0.6131101857091844,0.7438958633782486,0.7091900545353497,0.0
CREA,GAA,111,648,0.11,0.11,1.0,0.7027831280656507,0.7884394560801575,0.7854634960733743,0.0
CREA,TCG,11,748,0.11,0.11,1.0,0.15447105499844624,0.26301828283519224,0.245602514223471,0.0
CREA,TGT,223,536,0.11,0.11,1.0,0.7523934836451069,0.817254990855892,0.8138277623098309,0.0
BUN,GCC,25,1541,24.0,24.0,1.0,0.6244140130117335,0.7400462376435359,0.71902219680139,0.0
BUN,CTA,12,1554,24.0,24.0,1.0,0.7581448101517898,0.7954306204871238,0.8138277623098309,0.0
CREA,AAC,15,744,0.11,0.11,1.0,0.6803990045663141,0.7793661325032325,0.7697482176595428,0.0
CREA,AAG,129,630,0.11,0.11,1.0,0.7133499840725235,0.7884394560801575,0.7903002738995887,0.0
CREA,AAT,197,562,0.11,0.11,1.0,0.38635092975226104,0.5647197773823034,0.5133334031673399,0.0
ALB,TCT,15,856,2.7,2.7,1.0,0.9211571267995308,0.9362580633044411,0.9359350486198441,0.0
ALB,TTG,211,660,2.7,2.7,1.0,0.46398106326228716,0.7072503346990856,0.587596952173302,0.0
TBIL,ATA,202,1200,0.2,0.2,1.0,0.5277723382956518,0.5732699536659667,0.6366777414360244,0.0
TBIL,TGA,324,1078,0.2,0.2,1.0,0.2010021179148459,0.24829673389480963,0.3003901743515134,0.0
TBIL,TTT,500,902,0.2,0.2,1.0,0.0013496434073282696,0.003651478497269118,0.004620400853916598,0.0
ALB,AAC,9,862,2.7,2.7,1.0,0.7019692106008733,0.8369632895625796,0.7854634960733743,0.0
ALB,AAG,157,714,2.7,2.7,1.0,0.6806194766673852,0.8274197559485859,0.7697482176595428,0.0
ALB,AAT,217,654,2.7,2.7,1.0,0.7891055992895444,0.8736526277848528,0.8399443353782264,0.0
ALB,AAA,127,744,2.7,2.7,1.0,0.24616402075929522,0.49232804151859044,0.3516628867989932,0.0
TBIL,TTG,386,1016,0.2,0.2,1.0,0.03851243516613397,0.055142804896964555,0.07543672867593251,0.0
TBIL,TGT,375,1027,0.2,0.2,1.0,0.3070924868337014,0.3582745679726516,0.4243459818065692,0.0
ALB,TGG,186,685,2.7,2.7,1.0,0.9695560492452691,0.9695560492452691,0.9703238996429768,0.0
TBIL,TGG,369,1033,0.2,0.2,1.0,0.15556607402187037,0.20590590599714872,0.2463129505346281,0.0
TBIL,GAT,214,1188,0.2,0.2,1.0,0.37507425553571405,0.4296305108863634,0.500099007380952,0.0
TBIL,GAG,243,1159,0.2,0.2,1.0,0.8361808031878079,0.8496675903359984,0.8743032413398982,0.0
TBIL,GTA,228,1174,0.2,0.2,1.0,0.2955478072941278,0.3513115445194349,0.41138522627021445,0.0
TBIL,GTT,350,1052,0.2,0.2,1.0,0.1792345698950969,0.23044444700798172,0.2791358055743312,0.0
TBIL,GGA,230,1172,0.2,0.2,1.0,0.46615448831338513,0.5244237993525583,0.587596952173302,0.0
TBIL,TTA,369,1033,0.2,0.2,1.0,0.009013981773867759,0.015348131128477535,0.02238766715078267,0.0
ALB,AGT,189,682,2.7,2.7,1.0,0.038261153085797986,0.1572544487759872,0.07533284027255562,0.0
TBIL,TAG,203,1199,0.2,0.2,1.0,0.2266038294516034,0.2745392549125195,0.32945280310117714,0.0
TBIL,TAT,335,1067,0.2,0.2,1.0,0.002751744293094309,0.005417496577029421,0.00816924087012373,0.0
TBIL,TAA,229,1173,0.2,0.2,1.0,0.001807116132849073,0.004277595513436471,0.005770622945232335,0.0
TBIL,AGG,362,1040,0.2,0.2,1.0,0.19773735535709502,0.24829673389480963,0.29792717517433803,0.0
TBIL,AGT,374,1028,0.2,0.2,1.0,0.7416984285652088,0.7919830677899687,0.8099005829160327,0.0
ALB,TAA,180,691,2.7,2.7,1.0,0.2916136833200098,0.5317661284070767,0.40740146934413135,0.0
TBIL,AGA,163,1239,0.2,0.2,1.0,0.5007576566835843,0.5534689889660669,0.6138319662572969,0.0
TBIL,ATG,348,1054,0.2,0.2,1.0,0.7723168160161968,0.7976386788364,0.8267053241863516,0.0
ALB,TAC,14,857,2.7,2.7,1.0,0.9146183845379108,0.9362580633044411,0.9342875971086185,0.0
ALB,TTA,268,603,2.7,2.7,1.0,0.839450931984216,0.8958581690548906,0.8743032413398982,0.0
ALB,TTT,341,530,2.7,2.7,1.0,0.805898787735606,0.8765916638527644,0.8554232942444979,0.0
TBIL,GGT,337,1065,0.2,0.2,1.0,0.9039294181323871,0.9039294181323871,0.925857625041259,0.0
TBIL,ATT,408,994,0.2,0.2,1.0,0.003318888844743921,0.006336060521783849,0.009627311152692289,0.0
ALB,TGA,157,714,2.7,2.7,1.0,0.7749775743378851,0.8736110837990705,0.8272232535067312,0.0
ALB,TGT,255,616,2.7,2.7,1.0,0.32742575454568723,0.5638999106064613,0.447560383911371,0.0
BUN,AGG,397,1169,24.0,24.0,1.0,0.8452869686315276,0.8686811175021427,0.8776203499453019,0.0
