motif,n_present,n_absent,median_present,median_absent,median_diff,fold_change,U,p_mw,spearman_rho,p_spearman,p_mw_bonf,p_mw_fdr,neg_log_p,log_fold
AAA,356,1623,50.75,122.0,-71.25,0.41598360655737704,185514.5,3.3906959463146485e-26,-0.2516705468360142,5.748191255621996e-30,2.170045405641375e-24,2.170045405641375e-24,25.469711152940338,-1.26540142037771
ACT,95,1884,36.286764705882355,106.0,-69.71323529411765,0.34232796892341844,52438.0,9.22278034732057e-12,-0.15346093889575507,6.731913275328732e-12,5.902579422285165e-10,2.9512897111425825e-10,11.035138134535007,-1.5465489264697785
TGT,551,1428,171.0,85.0,86.0,2.011764705882353,469377.0,2.6132657453097625e-11,0.1582696532600878,1.431162105290263e-12,1.672490076998248e-09,5.574966923327493e-10,10.582816424236217,1.008461578748196
GTG,360,1619,240.75,90.0,150.75,2.675,355384.5,6.90819349553537e-11,0.14848123712207992,3.180067844771334e-11,4.4212438371426366e-09,1.1053109592856591e-09,10.160635506532142,1.4195388915137845
GAC,66,1913,36.0,104.0,-68.0,0.34615384615384615,34702.5,4.724287209823071e-10,-0.14006755712173352,3.9000993785425365e-10,3.023543814286766e-08,6.047087628573532e-09,9.325663707618709,-1.5305147166987798
TTC,163,1816,48.0,107.25,-59.25,0.44755244755244755,105588.0,1.2850777815093212e-09,-0.13873580377819975,5.722544287632027e-10,8.224497801659656e-08,1.3707496336099427e-08,8.891070585128038,-1.1598713367783895
GTC,123,1856,50.0,107.0,-57.0,0.4672897196261682,77124.5,1.6216463239543268e-09,-0.13509394024419538,1.6028327335697216e-09,1.0378536473307692e-07,1.4826480676153845e-08,8.790043858080223,-1.0976107966264224
TCA,156,1823,52.5,106.0,-53.5,0.49528301886792453,107715.5,4.822278483815957e-07,-0.11683020461678773,1.8694057104474363e-07,3.086258229642212e-05,3.46421399172623e-06,6.316747712977172,-1.0136749368970766
CAA,89,1890,48.0,105.0,-57.0,0.45714285714285713,57598.5,4.871550925865011e-07,-0.1137985355854375,3.8600342834376624e-07,3.117792592553607e-05,3.46421399172623e-06,6.312332753094343,-1.1292830169449666
AAC,40,1939,40.5,104.0,-63.5,0.3894230769230769,21733.5,1.8882338075188383e-06,-0.1071127230706306,1.7904241551916536e-06,0.00012084696368120565,1.2084696368120565e-05,5.723944230891549,-1.3605897152564674
CAT,104,1875,50.0,106.0,-56.0,0.4716981132075472,71085.5,3.2130350143215766e-06,-0.10283286394029713,4.564177179446945e-06,0.0002056342409165809,1.8694021901507356e-05,5.4930845416617435,-1.0840642647884744
AAT,447,1532,76.0,112.75,-36.75,0.6740576496674058,295557.5,1.0486106501555056e-05,-0.09881613436206331,1.0630509833034412e-05,0.0006711108160995236,5.592590134162697e-05,4.979385735712245,-0.5690561098117954
TTG,477,1502,135.66666666666666,93.0,42.66666666666666,1.4587813620071683,405944.0,1.140260175172945e-05,0.09734945371762804,1.436189083398951e-05,0.0007297665121106848,5.613588554697575e-05,4.942996043619586,0.5447636724370594
TTT,628,1351,125.0,86.0,39.0,1.4534883720930232,474822.5,1.8913837221027308e-05,0.09407040415589824,2.7715920275943634e-05,0.0012104855821457477,8.646325586755341e-05,4.72322035297097,0.539519529959989
TCC,156,1823,60.65,106.0,-45.35,0.5721698113207547,114472.0,5.18985695439662e-05,-0.09080689880593844,5.222512406144026e-05,0.0033215084508138367,0.00022143389672092244,4.284844612242553,-0.8054847143300512
TCG,32,1947,42.5,102.0,-59.5,0.4166666666666667,18429.5,7.251159501620587e-05,-0.08924118115537469,7.025973479118727e-05,0.004640742081037176,0.0002900463800648235,4.139592541719769,-1.2630344058337937
CTA,33,1946,45.0,102.0,-57.0,0.4411764705882353,19682.0,0.00013479322765453235,-0.08599396157179491,0.00012803760007613836,0.00862676656989007,0.000507456857052357,3.8703319272825336,-1.1805722456418208
GCA,107,1872,422.8,98.0,324.8,4.314285714285714,121882.0,0.00015696333330737617,0.08464860528059197,0.0001632066098195673,0.010045653331672075,0.0005580918517595597,3.804201787094423,2.109121722380112
CTT,128,1851,52.5,104.0,-51.5,0.5048076923076923,95619.0,0.00025846416745633333,-0.08447631003631224,0.00016831661062736264,0.016541706717205333,0.000870616143010807,3.5875996574236497,-0.9861942004749695
GAA,275,1704,71.0,106.0,-35.0,0.6698113207547169,203637.5,0.0004883297631420874,-0.08009354093417903,0.0003617572675288352,0.031253104841093594,0.0015626552420546797,3.311286805155866,-0.5781733350585172
GTT,522,1457,133.0,93.0,40.0,1.4301075268817205,418754.5,0.0005930434188631919,0.07928585176964302,0.0004148739284333276,0.03795477880724428,0.0018073704193925847,3.22691350919493,0.5161236243931583
GCG,18,1961,43.16666666666667,102.0,-58.83333333333333,0.423202614379085,9975.5,0.0014755327322661578,-0.07149366667734877,0.001459956929355623,0.0944340948650341,0.004188757426245345,2.8310511519485706,-1.2405795550060976
GCT,111,1868,55.333333333333336,104.0,-48.666666666666664,0.532051282051282,85162.0,0.001551597274483036,-0.0709872455689224,0.0015780871189120607,0.0993022255669143,0.004188757426245345,2.8092209919477336,-0.9103627875153236
CCT,69,1910,61.0,102.0,-41.0,0.5980392156862745,51153.0,0.0015707840348420043,-0.07122023880215414,0.0015226864618430621,0.10053017822988827,0.004188757426245345,2.8038835214678635,-0.7416880044086094
CGG,33,1946,52.0,102.0,-50.0,0.5098039215686274,22142.0,0.0022001179352552943,-0.06882790551954188,0.002187102161259774,0.14080754785633884,0.005632301914253553,2.6575540386060625,-0.9719856238304035
AGA,225,1754,78.0,103.5,-25.5,0.7536231884057971,175102.0,0.005888866106569087,-0.06066558241688979,0.006943380421042261,0.3768874308204216,0.01449567041617006,2.2299683199950304,-0.40808473863707684
CAG,153,1826,61.0,103.0,-42.0,0.5922330097087378,121080.5,0.00613033207487207,-0.05703796093655555,0.011153544568488135,0.3923412527918125,0.01453115751080787,2.212515999481853,-0.7557631896203322
GGC,77,1902,306.0,99.5,206.5,3.0753768844221105,86043.0,0.00913294781715683,0.05883204348534902,0.00884951543018699,0.5845086602980372,0.02087530929635847,2.0393890237695422,1.620763222149003
GTA,288,1691,125.4,96.0,29.400000000000006,1.3062500000000001,265871.0,0.012591288663392392,0.055846314421684064,0.012964388091966825,0.8058424744571131,0.0277876715330039,1.8999298194743437,0.38543103719352056
ATA,306,1673,76.0,105.0,-29.0,0.7238095238095238,234295.0,0.01836325943638411,-0.05426527014593456,0.015765649610998425,1.0,0.0391749534642861,1.7360502300193408,-0.46631800422253716
CCG,53,1926,55.333333333333336,102.5,-47.166666666666664,0.5398373983739838,41505.5,0.020185884697016952,-0.05213902350090111,0.02036434451590368,1.0,0.04167408453577694,1.6949522117917983,-0.8894031688796773
TCT,101,1878,61.0,102.0,-41.0,0.5980392156862745,81912.0,0.020852027552970206,-0.050162864885555734,0.025645525191201956,1.0,0.04170405510594041,1.680851709886635,-0.7416880044086094
TGG,481,1498,116.0,96.15,19.849999999999994,1.206448257930317,385097.5,0.022782303471624497,0.051675879146635025,0.021508670284359786,1.0,0.04418386127830205,1.6424023674193151,0.27076604267503707
ACG,16,1963,51.10666666666667,101.25,-50.14333333333333,0.5047572016460906,10601.5,0.02501246594334969,-0.05039784834983614,0.024961079309567986,1.0,0.047082288834540596,1.6018434896850824,-0.9863385054673498
CTG,101,1878,63.0,102.0,-39.0,0.6176470588235294,82740.0,0.030568463971191527,-0.04801554616592921,0.032687589338650055,1.0,0.05589661983303593,1.5147263835047091,-0.6951454184715791
GAG,302,1677,119.0,97.0,22.0,1.2268041237113403,272324.0,0.03670443200817244,0.04968380889539042,0.02709127663994277,1.0,0.06525232357008433,1.435281492138098,0.29490492112081595
ACC,46,1933,60.41666666666667,102.0,-41.58333333333333,0.5923202614379085,37110.0,0.055045225318639125,-0.04296439127903537,0.056006291264814316,1.0,0.09521336271332173,1.2592803462235496,-0.7555506577903549
CCA,95,1884,71.0,102.0,-31.0,0.696078431372549,79427.0,0.06407180448284099,-0.04113719422087208,0.06730296232164076,1.0,0.10791040755004798,1.193333044606471,-0.5226782224668136
CTC,101,1878,68.0,102.0,-34.0,0.6666666666666666,84714.5,0.07034275185393535,-0.039840452379720816,0.07640714477325124,1.0,0.11543425945261185,1.152780645805798,-0.5849625007211563
GAT,282,1697,116.9,99.0,17.900000000000006,1.180808080808081,254776.5,0.08112128981428482,0.03914791000781716,0.08166619827722965,1.0,0.1297940637028557,1.0908651527497266,0.23977449956468458
CCC,43,1936,57.0,102.0,-45.0,0.5588235294117647,35354.0,0.09071439456345465,-0.0380501675109699,0.0905999783313664,1.0,0.14160295736734385,1.0423237936073906,-0.8395353278067539
GGT,431,1548,115.0,99.0,16.0,1.1616161616161615,350713.5,0.1027615221612148,0.03509416677802677,0.1185964894834954,1.0,0.15397289316733193,0.9881694713449666,0.21613343086476552
GGA,301,1678,81.0,104.0,-23.0,0.7788461538461539,237673.5,0.10345053759680113,-0.03726011235301561,0.09750335693911986,1.0,0.15397289316733193,0.9852672481135915,-0.36058971525646744
CGC,31,1948,55.333333333333336,102.0,-46.666666666666664,0.542483660130719,25177.5,0.1120433982717418,-0.03596286863319147,0.10974307533717755,1.0,0.16297221566798806,0.9506137275146244,-0.8823484113457268
TAG,279,1700,86.0,103.5,-17.5,0.8309178743961353,224326.0,0.14717559070095296,-0.03353126037918849,0.1359229303237407,1.0,0.20804844484463517,0.8321642124368092,-0.26722220279722725
CGT,13,1966,41.379999999999995,101.0,-59.620000000000005,0.4097029702970297,9819.0,0.14953481973208152,-0.032394331094072144,0.14970895985900967,1.0,0.20804844484463517,0.8252576684983541,-1.28734974266651
ATG,470,1509,82.5,110.0,-27.5,0.75,339203.5,0.1542665999301537,-0.029756843812471356,0.1857628310328642,1.0,0.21006515735169867,0.8117280923179038,-0.4150374992788438
AGT,470,1509,112.25,98.0,14.25,1.1454081632653061,369241.0,0.17637257814363627,0.02925025513303939,0.19336745433740934,1.0,0.23516343752484836,0.7535689367022369,0.19586179062593875
AAG,328,1651,86.5,104.0,-17.5,0.8317307692307693,258196.0,0.18367059046242862,-0.03152527666325464,0.16094680577154932,1.0,0.23989628142031494,0.735960377838957,-0.2658114905043675
TGA,413,1566,106.0,99.0,7.0,1.0707070707070707,335426.0,0.24355615902797445,0.029542712687652427,0.18894984325964023,1.0,0.3117518835558073,0.6134008835504644,0.09856383448358957
AGG,441,1538,105.0,100.0,5.0,1.05,350581.5,0.27901022619331795,0.022613996566644413,0.3146570395596571,1.0,0.3501304799288696,0.5543798788126407,0.070389327891398
ACA,84,1895,67.0,102.0,-35.0,0.6568627450980392,74349.0,0.3065137676900137,-0.023957388991343625,0.28676426410862843,1.0,0.3772477140800169,0.513550013486464,-0.6063361515137231
GGG,139,1840,81.0,102.0,-21.0,0.7941176470588235,121659.0,0.33827883413679727,-0.021436350164159446,0.34052751790960667,1.0,0.40848764876896276,0.47072517485512577,-0.3325753390868709
TGC,58,1921,70.25,101.0,-30.75,0.6955445544554455,51903.0,0.3747790261905024,-0.02024874297599962,0.3679564743610152,1.0,0.44418254955911396,0.4262247215852287,-0.5237851625308687
TAA,325,1654,96.3,102.0,-5.700000000000003,0.9441176470588235,261668.5,0.4505294482358566,-0.0179432540203576,0.4249966344073839,1.0,0.523239454239385,0.3462768166974581,-0.08296144901539866
ATC,69,1910,125.0,100.5,24.5,1.243781094527363,69357.5,0.4578345224594619,0.016343431450085304,0.4674451171122491,1.0,0.523239454239385,0.3392914629756512,0.3147325934831583
AGC,97,1882,73.0,101.525,-28.525000000000006,0.7190347205121891,87331.5,0.47225851829483945,-0.01618490952245962,0.4717754114208753,1.0,0.530255178436311,0.32582019981146565,-0.47586665815694595
GCC,47,1932,96.33333333333333,100.9,-4.566666666666677,0.9547406673273867,47468.5,0.5935126350844482,0.01219207023781358,0.5877817711286488,1.0,0.6549104938862876,0.2265700310665177,-0.06681918243947246
CAC,92,1887,69.5,101.25,-31.75,0.6864197530864198,84614.5,0.682810563240394,-0.009511524586043962,0.6723890471812235,1.0,0.7406758652099189,0.1656997688673089,-0.5428370250484796
CGA,29,1950,74.0,101.0,-27.0,0.7326732673267327,27216.5,0.7290698456705578,-0.007855284836789087,0.7269133196106217,1.0,0.777674502048595,0.137230863813347,-0.44875811712284497
ATT,585,1394,98.0,102.0,-4.0,0.9607843137254902,404168.5,0.7578665250941565,-0.006461729933292795,0.773899778381536,1.0,0.795138649279115,0.12040727526421348,-0.05771549785628733
TAC,49,1930,67.0,101.0,-34.0,0.6633663366336634,46370.0,0.8169188133940787,-0.00528664374531443,0.8141820061964781,1.0,0.8432710331809844,0.08782110215416804,-0.5921222922940222
TTA,542,1437,97.5,103.0,-5.5,0.9466019417475728,391443.5,0.8588501384705008,0.0026497477548715217,0.906224319637046,1.0,0.872482680350985,0.06608260999095399,-0.07917021343360765
TAT,430,1549,100.0,101.0,-1.0,0.9900990099009901,332644.5,0.9703238996429768,-0.0017372523321850697,0.9384369530009747,1.0,0.9703238996429768,0.01308327156142365,-0.014355292977070054
