motif,partial_rho,partial_p,partial_p_fdr
TAC,0.363722747668489,5.927642081629939e-63,3.793690932243161e-61
CGT,0.327262742789548,1.2744739627068031e-50,4.07831668066177e-49
CTA,0.3201644706364507,2.0827612135803104e-48,4.443223922304662e-47
ACC,0.31712116693479053,1.7760210467755289e-47,2.841633674840846e-46
AAA,-0.31460775193074536,1.0234280517016628e-46,1.3099879061781284e-45
CGA,0.30249413565617195,3.749131908880302e-43,3.9990740361389894e-42
GCA,0.301981757438227,5.260038086082409e-43,4.8091776787039166e-42
ACG,0.2851930991013097,2.3829402488903093e-38,1.9063521991122475e-37
TCT,0.28355294105718726,6.535631415425705e-38,4.647560117636057e-37
CCG,0.254087666075724,1.5659550602981876e-30,9.316196887787712e-30
ATC,0.25401861190041153,1.625539862644637e-30,9.316196887787712e-30
GTA,0.2538855294042514,1.746786916460196e-30,9.316196887787712e-30
CAC,0.25148265687653865,6.355909514353773e-30,3.129063145528011e-29
GCG,0.25115067439130023,7.589399809459264e-30,3.4694399128956637e-29
CTC,0.24630807664294171,9.793061533036778e-29,4.178372920762358e-28
CAT,0.23611177851568946,1.7830965106435755e-26,7.132386042574302e-26
GAT,0.23076334738662133,2.4815550379004255e-25,9.342324848566308e-25
CGG,0.21991254428825502,4.236227972119176e-23,1.5062143900868183e-22
TGC,0.21918224535982636,5.929670116094143e-23,1.9973625654211848e-22
TGT,0.212677424472389,1.1241278801538757e-21,3.597209216492402e-21
CTG,0.21198837489325087,1.5266731117457828e-21,4.65271805484429e-21
GGC,0.2117071586512029,1.7292781883873918e-21,5.030627457126958e-21
AAC,0.2115184496190277,1.8799135433827615e-21,5.231063772891162e-21
TAG,0.20020767580229495,2.427955084524819e-19,6.474546892066184e-19
GCC,0.19962877962878567,3.0900991588400803e-19,7.910653846630606e-19
CCC,0.19301306014724348,4.614424479371326e-18,1.1358583333837111e-17
GTG,0.18929245961693272,2.023724223799602e-17,4.796975937895353e-17
CGC,0.18805287015881952,3.2896323696479126e-17,7.519159702052371e-17
TCG,0.18786157826624741,3.544694068425353e-17,7.822773116524917e-17
CCA,0.1841651282110841,1.4774030880354007e-16,3.1517932544755215e-16
GTT,0.17832618523073032,1.3261815031590804e-15,2.737923103296166e-15
ACA,0.17793188398333787,1.5339707156296925e-15,3.067941431259385e-15
GAG,0.16434005423080217,1.891162633716521e-13,3.667709350238101e-13
AAT,-0.16351901841759528,2.4979331159848787e-13,4.701991747736242e-13
CCT,0.14652130359796156,5.776982156262472e-11,1.056362451430852e-10
AGA,0.1421183373594918,2.145689223902476e-10,3.8145586202710686e-10
GGT,0.1366660863542913,1.0309558768814813e-09,1.7832750302814811e-09
GGG,0.13569665939011447,1.3541744013028687e-09,2.2807147811416737e-09
TGG,0.13443930724959868,1.923282369136591e-09,3.1561556826856877e-09
ACT,0.1251815053891673,2.3063949644639938e-08,3.69023194314239e-08
GAC,0.11203006164897467,5.842539155907745e-07,9.120061121416968e-07
TTG,0.11129284618396035,6.931767780036284e-07,1.056269376005529e-06
AGT,0.11103333748234667,7.359810446881921e-07,1.0954136479080068e-06
ATT,-0.10202997854308997,5.418238616051782e-06,7.881074350620775e-06
GTC,0.09873076887937712,1.081954089957271e-05,1.538779150161452e-05
TGA,0.09796131211044522,1.2674384707412623e-05,1.763392654944365e-05
ATG,0.0943052820077067,2.6459402533219595e-05,3.6029824726086255e-05
GAA,0.08968447961063013,6.463099663234895e-05,8.617466217646526e-05
CAG,0.08499635000094558,0.00015333411777230908,0.0002002731334168935
AGC,0.07906928487041887,0.00043030655311126505,0.0005507923879824192
TAA,-0.07373860395846187,0.0010280739437866476,0.0012901320078891265
TTT,-0.06848926608242321,0.002300135425578611,0.0028309359084044442
GGA,0.05786454665076179,0.010032981634962471,0.01211529857806789
TCC,0.050027937965479635,0.02604581736269786,0.030869116874308575
TCA,0.0486653761850105,0.030399902504772605,0.035374432005553576
AGG,0.04440787803774094,0.048239440611884385,0.05513078927072501
CTT,-0.041860846753033906,0.06262294290877286,0.07031347975721865
ATA,0.03437958170504006,0.12629070107453838,0.13935525635811133
TTA,-0.03412770349387304,0.12909350832719396,0.14003363615153244
TAT,0.02770665955245225,0.2179435160676078,0.23247308380544834
AAG,0.024399804553405995,0.2779552005702253,0.29162512846712163
CAA,0.01919219251988414,0.39348069235678707,0.40617361791668344
TTC,-0.011918938253959555,0.5961749275275428,0.6056380216152816
GCT,0.009451084449581012,0.6743508670308945,0.6743508670308945
