md_metric,biomarker,n,spearman_rho,p_value,p_fdr,significant
radgyr_mean,ALT,91,0.18856084891554895,0.07345650063879276,0.7818821540197143,False
radgyr_mean,AST,91,0.1656978133322633,0.11649021103241548,0.7818821540197143,False
radgyr_mean,ALB,40,-0.007026624438481629,0.9656763797617053,0.9856863418245888,False
radgyr_mean,BUN,91,-0.02432951110456717,0.8189355655577454,0.9733422477142535,False
radgyr_mean,CREA,87,-0.001951647174197013,0.9856863418245888,0.9856863418245888,False
radgyr_mean,TBIL,91,0.19279519272469134,0.0671090746769689,0.7818821540197143,False
radgyr_mean,PC_ratio,22,-0.19141727837380013,0.3934651171176672,0.9310449093698914,False
rmsd_mean,ALT,91,-0.131377038110086,0.21448736386282372,0.8221428021447,False
rmsd_mean,AST,91,-0.11887432513571831,0.2617359679575812,0.8456085118629546,False
rmsd_mean,ALB,40,-0.05900439425738682,0.7176072437774277,0.9733422477142535,False
rmsd_mean,BUN,91,-0.003785298976308354,0.9715930160294304,0.9856863418245888,False
rmsd_mean,CREA,87,0.017811060426199843,0.8699353437222048,0.9733422477142535,False
rmsd_mean,TBIL,91,-0.16866492377865233,0.1100004105852355,0.7818821540197143,False
rmsd_mean,PC_ratio,22,0.4500282326369283,0.035592322115366636,0.7818821540197143,False
e2e_mean,ALT,91,0.17011009141154423,0.10694292774704899,0.7818821540197143,False
e2e_mean,AST,91,0.1601474780817545,0.12941919252405926,0.7818821540197143,False
e2e_mean,ALB,40,-0.06439468149786588,0.6930174764149089,0.9733422477142535,False
e2e_mean,BUN,91,0.019316978354887264,0.8557853516815321,0.9733422477142535,False
e2e_mean,CREA,87,-0.05024123496566049,0.6439858711343787,0.9373768731675348,False
e2e_mean,TBIL,91,0.1958622622341747,0.06279456783173448,0.7818821540197143,False
e2e_mean,PC_ratio,22,-0.3562958780350085,0.10361956526861964,0.7818821540197143,False
sasa_total_mean,ALT,91,-0.015201767835625782,0.8862750258335422,0.9786792942934277,False
sasa_total_mean,AST,91,0.054348691656704015,0.6088855808582937,0.9362939579847822,False
sasa_total_mean,ALB,40,-0.14024372338174979,0.3880658770318757,0.9310449093698914,False
sasa_total_mean,BUN,91,-0.10626728810330928,0.31607611411487546,0.8850131195216513,False
sasa_total_mean,CREA,87,0.11984390428094835,0.2688771664411156,0.8469630742895141,False
sasa_total_mean,TBIL,91,0.18377721172537934,0.08119870207396836,0.7818821540197143,False
sasa_total_mean,PC_ratio,22,-0.018633540372670808,0.9344048422352651,0.9856863418245888,False
sasa_hydrophobic_mean,ALT,91,-0.022034201991187292,0.835765920112707,0.9733422477142535,False
sasa_hydrophobic_mean,AST,91,0.053217920343113984,0.6163683432083358,0.9362939579847822,False
sasa_hydrophobic_mean,ALB,40,-0.09529257800132619,0.558611105274717,0.9362939579847822,False
sasa_hydrophobic_mean,BUN,91,-0.17409187670827855,0.098860752269249,0.7818821540197143,False
sasa_hydrophobic_mean,CREA,87,0.17391547482213568,0.10717627274375414,0.7818821540197143,False
sasa_hydrophobic_mean,TBIL,91,0.2943271431100552,0.0046271739187732025,0.29151195688271175,False
sasa_hydrophobic_mean,PC_ratio,22,0.06606437041219651,0.7702096134744482,0.9733422477142535,False
sasa_polar_mean,ALT,91,0.052214767783236374,0.6230395939794736,0.9362939579847822,False
sasa_polar_mean,AST,91,0.0830400229444849,0.4338892768060879,0.9310449093698914,False
sasa_polar_mean,ALB,40,-0.07854418550412341,0.629983334617843,0.9362939579847822,False
sasa_polar_mean,BUN,91,-0.04008432389648636,0.7059909582207309,0.9733422477142535,False
sasa_polar_mean,CREA,87,0.06140392721433874,0.5720823690463737,0.9362939579847822,False
sasa_polar_mean,TBIL,91,-0.060218125771907854,0.5707018025060242,0.9362939579847822,False
sasa_polar_mean,PC_ratio,22,-0.3054771315640881,0.16682142842253087,0.7906727473178716,False
sasa_phosphate_mean,ALT,91,0.03832692959291089,0.718328242124287,0.9733422477142535,False
sasa_phosphate_mean,AST,91,0.04346302696883377,0.6824862913822272,0.9733422477142535,False
sasa_phosphate_mean,ALB,40,-0.22581453332435483,0.16119567389694095,0.7906727473178716,False
sasa_phosphate_mean,BUN,91,0.07235100927558641,0.4955313827403405,0.9362939579847822,False
sasa_phosphate_mean,CREA,87,0.01439111794805087,0.8947495723723387,0.9786792942934277,False
sasa_phosphate_mean,TBIL,91,0.15058116329416618,0.15423433623890923,0.7906727473178716,False
sasa_phosphate_mean,PC_ratio,22,0.10333145115753813,0.6472364124252026,0.9373768731675348,False
hydrophobic_fraction,ALT,91,-0.020043399498308065,0.8504238748490985,0.9733422477142535,False
hydrophobic_fraction,AST,91,0.024948637503363173,0.8144094929803725,0.9733422477142535,False
hydrophobic_fraction,ALB,40,-0.05188151468961093,0.7505328771898843,0.9733422477142535,False
hydrophobic_fraction,BUN,91,-0.15977946205259475,0.13031369233661905,0.7818821540197143,False
hydrophobic_fraction,CREA,87,0.175529687671822,0.10390623049259408,0.7818821540197143,False
hydrophobic_fraction,TBIL,91,0.3307894214085103,0.0013620579420072245,0.1716193006929103,False
hydrophobic_fraction,PC_ratio,22,0.24110671936758896,0.2797303069403845,0.8580747103827531,False
dipole_magnitude_mean,ALT,91,-0.021381218773522906,0.8405678094987717,0.9733422477142535,False
dipole_magnitude_mean,AST,91,-0.03400277119034815,0.7489877980576638,0.9733422477142535,False
dipole_magnitude_mean,ALB,40,-0.12542043347043236,0.44063130702882225,0.9310449093698914,False
dipole_magnitude_mean,BUN,91,0.09063201106853666,0.3928929526964622,0.9310449093698914,False
dipole_magnitude_mean,CREA,87,-0.03029613043309569,0.7805823385924836,0.9733422477142535,False
dipole_magnitude_mean,TBIL,91,0.14204116715347492,0.17924734897116118,0.7906727473178716,False
dipole_magnitude_mean,PC_ratio,22,0.18238283455674761,0.41658263454025113,0.9310449093698914,False
dipole_asymmetry_mean,ALT,91,0.13724592385909395,0.19453059656233349,0.7906727473178716,False
dipole_asymmetry_mean,AST,91,0.17894854196475496,0.08966056999808639,0.7818821540197143,False
dipole_asymmetry_mean,ALB,40,-0.09789146649227146,0.5478840213817715,0.9362939579847822,False
dipole_asymmetry_mean,BUN,91,0.03189214000670744,0.7640991139223834,0.9733422477142535,False
dipole_asymmetry_mean,CREA,87,-0.12290817274136985,0.2567375177778548,0.8456085118629546,False
dipole_asymmetry_mean,TBIL,91,0.16523936562520342,0.11751878916940953,0.7818821540197143,False
dipole_asymmetry_mean,PC_ratio,22,0.2173913043478261,0.3311374194883423,0.9070285838158941,False
n_waters_shell1_mean,ALT,91,-0.0044753240039925035,0.9664174605335427,0.9856863418245888,False
n_waters_shell1_mean,AST,91,0.0758253834366499,0.4750056976555588,0.9351674672593814,False
n_waters_shell1_mean,ALB,40,-0.01212814629107788,0.9407912017074875,0.9856863418245888,False
n_waters_shell1_mean,BUN,91,-0.05093020159491935,0.6316268764183055,0.9362939579847822,False
n_waters_shell1_mean,CREA,87,0.13418030314934884,0.21532311484742145,0.8221428021447,False
n_waters_shell1_mean,TBIL,91,0.13834475091347423,0.19094808799593702,0.7906727473178716,False
n_waters_shell1_mean,PC_ratio,22,0.1236589497459063,0.5835085034918012,0.9362939579847822,False
n_waters_shell2_mean,ALT,91,-0.017001453289188603,0.8729180475532591,0.9733422477142535,False
n_waters_shell2_mean,AST,91,0.05797990094541566,0.5851300809825251,0.9362939579847822,False
n_waters_shell2_mean,ALB,40,-0.028299008012515052,0.86238590358133,0.9733422477142535,False
n_waters_shell2_mean,BUN,91,-0.062230315170509344,0.5578745850915345,0.9362939579847822,False
n_waters_shell2_mean,CREA,87,0.1485805409440081,0.16960968317367678,0.7906727473178716,False
n_waters_shell2_mean,TBIL,91,0.13998583226140557,0.18568692759242889,0.7906727473178716,False
n_waters_shell2_mean,PC_ratio,22,-0.010728402032749858,0.9622067945199976,0.9856863418245888,False
hydration_ratio_mean,ALT,91,0.028571997377802673,0.7880477778736877,0.9733422477142535,False
hydration_ratio_mean,AST,91,0.08186943573957128,0.44041965164803365,0.9310449093698914,False
hydration_ratio_mean,ALB,40,0.09933529343168548,0.54196708285165,0.9362939579847822,False
hydration_ratio_mean,BUN,91,0.022719762908326568,0.8307309319747235,0.9733422477142535,False
hydration_ratio_mean,CREA,87,0.00226172195888252,0.9834125089865734,0.9856863418245888,False
hydration_ratio_mean,TBIL,91,0.08840329960191315,0.4046817332219904,0.9310449093698914,False
hydration_ratio_mean,PC_ratio,22,0.33709768492377196,0.12499486927085442,0.7818821540197143,False
phosphate_exposure_mean,ALT,91,-0.12524536643201797,0.23684368612624657,0.8420984738520055,False
phosphate_exposure_mean,AST,91,-0.13894949754107377,0.18899691673770844,0.7906727473178716,False
phosphate_exposure_mean,ALB,40,-0.14303512213128358,0.37859539112666074,0.9310449093698914,False
phosphate_exposure_mean,BUN,91,0.12505034007627513,0.23758037430528522,0.8420984738520055,False
phosphate_exposure_mean,CREA,87,-0.1585941325200283,0.14232846139096447,0.7906727473178716,False
phosphate_exposure_mean,TBIL,91,-0.12020522552881566,0.25639457436990104,0.8456085118629546,False
phosphate_exposure_mean,PC_ratio,22,0.52343308865048,0.012420502546177667,0.5216611069394621,False
EPtot_mean,ALT,91,0.055105413002897015,0.6039003686350297,0.9362939579847822,False
EPtot_mean,AST,91,0.08116071287401133,0.44440018989732843,0.9310449093698914,False
EPtot_mean,ALB,40,-0.011454360386017997,0.9440752510418233,0.9856863418245888,False
EPtot_mean,BUN,91,0.08200949845303006,0.4396353756828244,0.9310449093698914,False
EPtot_mean,CREA,87,0.035239087294847,0.7459115851167035,0.9733422477142535,False
EPtot_mean,TBIL,91,-0.10632773180019237,0.3157993629513929,0.8850131195216513,False
EPtot_mean,PC_ratio,22,-0.14285714285714288,0.5259420073570242,0.9362939579847822,False
VDWAALS_mean,ALT,91,-0.05439668731543202,0.608568855491677,0.9362939579847822,False
VDWAALS_mean,AST,91,-0.08045199000845138,0.4484008304750202,0.9310449093698914,False
VDWAALS_mean,ALB,40,0.007700410343541511,0.9623873126215681,0.9856863418245888,False
VDWAALS_mean,BUN,91,-0.07999332868249107,0.4510005869453052,0.9310449093698914,False
VDWAALS_mean,CREA,87,-0.036734742138624155,0.7355161099833282,0.9733422477142535,False
VDWAALS_mean,TBIL,91,0.10793694749088233,0.3084888513850785,0.8850131195216513,False
VDWAALS_mean,PC_ratio,22,0.14398644833427443,0.5226413445457573,0.9362939579847822,False
EELEC_mean,ALT,91,0.05193605543423328,0.6248985536193894,0.9362939579847822,False
EELEC_mean,AST,91,0.0774578349809172,0.4655224546849457,0.9310449093698914,False
EELEC_mean,ALB,40,0.020309832281090734,0.9010063344288699,0.9786792942934277,False
EELEC_mean,BUN,91,0.08254342483495143,0.4366529130770811,0.9310449093698914,False
EELEC_mean,CREA,87,0.03550356284649052,0.7440699900946703,0.9733422477142535,False
EELEC_mean,TBIL,91,-0.11304341906381432,0.2860249034609177,0.8580747103827531,False
EELEC_mean,PC_ratio,22,-0.14398644833427443,0.5226413445457573,0.9362939579847822,False
n_intramol_hbonds_mean,ALT,91,-0.02628697476837573,0.8046466605998508,0.9733422477142535,False
n_intramol_hbonds_mean,AST,91,-0.07768204115436071,0.46422812325222396,0.9310449093698914,False
n_intramol_hbonds_mean,ALB,40,0.08928082017437905,0.5837934321585125,0.9362939579847822,False
n_intramol_hbonds_mean,BUN,91,0.12425541394889592,0.24059956395771584,0.8420984738520055,False
n_intramol_hbonds_mean,CREA,87,-0.08475227920362158,0.43510336400562666,0.9310449093698914,False
n_intramol_hbonds_mean,TBIL,91,-0.21030473753323536,0.04540499705245655,0.7818821540197143,False
n_intramol_hbonds_mean,PC_ratio,22,0.04121964991530209,0.8554817672242458,0.9733422477142535,False
