Compound,Cortex,Hippocampus,Spinal Cord,Cerebellum,Brain Stem,Species,Dose,Time,Target
333611,NA,NA,50,NA,NA,Rat,500ug,2w,SOD1
383872,NA,NA,70,NA,NA,Rat,500ug,2w,SOD1
611460,NA,NA,56,NA,NA,Rat,500ug,2w,SOD1
611464,NA,NA,56,NA,NA,Rat,500ug,2w,SOD1
611468,NA,NA,64,NA,NA,Rat,500ug,2w,SOD1
611481,NA,NA,61,NA,NA,Rat,500ug,2w,SOD1
611473,NA,NA,69,NA,NA,Rat,500ug,2w,SOD1
611474,NA,NA,32,NA,NA,Rat,500ug,2w,SOD1
611479,NA,NA,81,NA,NA,Rat,500ug,2w,SOD1
611484,NA,NA,59,NA,NA,Rat,500ug,2w,SOD1
611485,NA,NA,58,NA,NA,Rat,500ug,2w,SOD1
611492,NA,NA,52,NA,NA,Rat,500ug,2w,SOD1
611472,NA,NA,89,NA,NA,Rat,500ug,2w,SOD1
611478,NA,NA,76,NA,NA,Rat,500ug,2w,SOD1
611490,NA,NA,49,NA,NA,Rat,500ug,2w,SOD1
611494,NA,NA,63,NA,NA,Rat,500ug,2w,SOD1
611495,NA,NA,70,NA,NA,Rat,500ug,2w,SOD1
611498,NA,NA,67,NA,NA,Rat,500ug,2w,SOD1
611499,NA,NA,53,NA,NA,Rat,500ug,2w,SOD1
611500,NA,NA,45,NA,NA,Rat,500ug,2w,SOD1
611457,NA,NA,52,NA,NA,Rat,500ug,2w,SOD1
611467,NA,NA,76,NA,NA,Rat,500ug,2w,SOD1
611488,NA,NA,86,NA,NA,Rat,500ug,2w,SOD1
612917,NA,NA,54,NA,NA,Rat,500ug,2w,SOD1
612923,NA,NA,46,NA,NA,Rat,500ug,2w,SOD1
612925,NA,NA,34,NA,NA,Rat,500ug,2w,SOD1
612928,NA,NA,17,NA,NA,Rat,500ug,2w,SOD1
612912,NA,NA,44,NA,NA,Rat,500ug,2w,SOD1
612919,NA,NA,41,NA,NA,Rat,500ug,2w,SOD1
612916,NA,NA,30,NA,NA,Rat,500ug,2w,SOD1
612931,NA,NA,23,NA,NA,Rat,500ug,2w,SOD1
612932,NA,NA,76,NA,NA,Rat,500ug,2w,SOD1
612915,NA,NA,49,NA,NA,Rat,500ug,2w,SOD1
612918,NA,NA,31,NA,NA,Rat,500ug,2w,SOD1
612927,NA,NA,27,NA,NA,Rat,500ug,2w,SOD1
612934,NA,NA,50,NA,NA,Rat,500ug,2w,SOD1
612935,NA,NA,40,NA,NA,Rat,500ug,2w,SOD1
612940,NA,NA,82,NA,NA,Rat,500ug,2w,SOD1
612941,NA,NA,24,NA,NA,Rat,500ug,2w,SOD1
612942,NA,NA,59,NA,NA,Rat,500ug,2w,SOD1
612943,NA,NA,45,NA,NA,Rat,500ug,2w,SOD1
612944,NA,NA,46,NA,NA,Rat,500ug,2w,SOD1
612924,NA,NA,47,NA,NA,Rat,500ug,2w,SOD1
612947,NA,NA,28,NA,NA,Rat,500ug,2w,SOD1
612948,NA,NA,14,NA,NA,Rat,500ug,2w,SOD1
612949,NA,NA,20,NA,NA,Rat,500ug,2w,SOD1
654304,NA,NA,83,NA,NA,Rat,500ug,2w,SOD1
654305,NA,NA,93,NA,NA,Rat,500ug,2w,SOD1
654306,NA,NA,82,NA,NA,Rat,500ug,2w,SOD1
654307,NA,NA,92,NA,NA,Rat,500ug,2w,SOD1
654334,NA,NA,71,NA,NA,Rat,500ug,2w,SOD1
666854,NA,NA,54,NA,NA,Rat,500ug,2w,SOD1
666855,NA,NA,73,NA,NA,Rat,500ug,2w,SOD1
666857,NA,NA,51,NA,NA,Rat,500ug,2w,SOD1
666858,NA,NA,70,NA,NA,Rat,500ug,2w,SOD1
666859,NA,NA,28,NA,NA,Rat,500ug,2w,SOD1
666864,NA,NA,55,NA,NA,Rat,500ug,2w,SOD1
666865,NA,NA,42,NA,NA,Rat,500ug,2w,SOD1
666866,NA,NA,38,NA,NA,Rat,500ug,2w,SOD1
666908,NA,NA,74,NA,NA,Rat,500ug,2w,SOD1
666923,NA,NA,64,NA,NA,Rat,500ug,2w,SOD1
654323,NA,NA,56,NA,NA,Rat,500ug,2w,SOD1
666846,NA,NA,43,NA,NA,Rat,500ug,2w,SOD1
666849,NA,NA,41,NA,NA,Rat,500ug,2w,SOD1
666853,NA,NA,22,NA,NA,Rat,500ug,2w,SOD1
666861,NA,NA,49,NA,NA,Rat,500ug,2w,SOD1
666867,NA,NA,46,NA,NA,Rat,500ug,2w,SOD1
666869,NA,NA,18,NA,NA,Rat,500ug,2w,SOD1
666870,NA,NA,28,NA,NA,Rat,500ug,2w,SOD1
666919,NA,NA,28,NA,NA,Rat,500ug,2w,SOD1
666921,NA,NA,32,NA,NA,Rat,500ug,2w,SOD1
666922,NA,NA,36,NA,NA,Rat,500ug,2w,SOD1
684059,NA,NA,46,NA,NA,Rat,500ug,2w,SOD1
684064,NA,NA,49,NA,NA,Rat,500ug,2w,SOD1
684068,NA,NA,82,NA,NA,Rat,500ug,2w,SOD1
684087,NA,NA,63,NA,NA,Rat,500ug,2w,SOD1
684088,NA,NA,69,NA,NA,Rat,500ug,2w,SOD1
684095,NA,NA,66,NA,NA,Rat,500ug,2w,SOD1
684097,NA,NA,78,NA,NA,Rat,500ug,2w,SOD1
684101,NA,NA,78,NA,NA,Rat,500ug,2w,SOD1
684104,NA,NA,89,NA,NA,Rat,500ug,2w,SOD1
424880,50,47,45,NA,NA,Mouse,300ug,2w,Tau
613045,88,62,53,NA,NA,Mouse,300ug,2w,Tau
613099,58,45,46,NA,NA,Mouse,300ug,2w,Tau
613118,36,27,42,NA,NA,Mouse,300ug,2w,Tau
613136,74,61,73,NA,NA,Mouse,300ug,2w,Tau
613255,70,54,64,NA,NA,Mouse,300ug,2w,Tau
613329,80,31,33,NA,NA,Mouse,300ug,2w,Tau
613344,59,58,66,NA,NA,Mouse,300ug,2w,Tau
613361,31,43,28,NA,NA,Mouse,300ug,2w,Tau
613369,83,52,54,NA,NA,Mouse,300ug,2w,Tau
613370,58,39,37,NA,NA,Mouse,300ug,2w,Tau
613397,67,59,43,NA,NA,Mouse,300ug,2w,Tau
623782,38,30,29,NA,NA,Mouse,300ug,2w,Tau
623996,26,31,24,NA,NA,Mouse,300ug,2w,Tau
763085,4,NA,NA,NA,NA,Mouse,300ug,2w,SNCA
763364,10,NA,NA,NA,NA,Mouse,300ug,2w,SNCA
763391,6,NA,NA,NA,NA,Mouse,300ug,2w,SNCA
789243,15,NA,NA,NA,NA,Mouse,300ug,2w,SNCA
827599,13,NA,NA,NA,NA,Mouse,300ug,2w,SNCA
749860,24,24,13,NA,NA,Mouse,350ug,2w,UBE3A-ATS
749861,50,48,26,NA,NA,Mouse,350ug,2w,UBE3A-ATS
749863,56,45,38,NA,NA,Mouse,350ug,2w,UBE3A-ATS
749865,88,97,64,NA,NA,Mouse,350ug,2w,UBE3A-ATS
749869,49,38,30,NA,NA,Mouse,350ug,2w,UBE3A-ATS
749882,34,29,30,NA,NA,Mouse,350ug,2w,UBE3A-ATS
749885,84,66,60,NA,NA,Mouse,350ug,2w,UBE3A-ATS
749893,42,35,28,NA,NA,Mouse,350ug,2w,UBE3A-ATS
749894,8,6,4,NA,NA,Mouse,350ug,2w,UBE3A-ATS
749907,66,48,52,NA,NA,Mouse,350ug,2w,UBE3A-ATS
749931,30,23,25,NA,NA,Mouse,350ug,2w,UBE3A-ATS
749969,12,14,14,NA,NA,Mouse,350ug,2w,UBE3A-ATS
749991,34,25,24,NA,NA,Mouse,350ug,2w,UBE3A-ATS
750006,21,20,22,NA,NA,Mouse,350ug,2w,UBE3A-ATS
750028,30,20,22,NA,NA,Mouse,350ug,2w,UBE3A-ATS
750030,39,28,36,NA,NA,Mouse,350ug,2w,UBE3A-ATS
750032,9,8,14,NA,NA,Mouse,350ug,2w,UBE3A-ATS
750040,62,43,52,NA,NA,Mouse,350ug,2w,UBE3A-ATS
750051,32,26,31,NA,NA,Mouse,350ug,2w,UBE3A-ATS
750092,58,42,51,NA,NA,Mouse,350ug,2w,UBE3A-ATS
750139,26,21,20,NA,NA,Mouse,350ug,2w,UBE3A-ATS
750140,18,14,18,NA,NA,Mouse,350ug,2w,UBE3A-ATS
750214,58,44,46,NA,NA,Mouse,350ug,2w,UBE3A-ATS
750292,37,33,24,NA,NA,Mouse,350ug,2w,UBE3A-ATS
750312,44,46,56,NA,NA,Mouse,350ug,2w,UBE3A-ATS
750359,22,21,28,NA,NA,Mouse,350ug,2w,UBE3A-ATS
750360,50,38,42,NA,NA,Mouse,350ug,2w,UBE3A-ATS
750365,85,67,57,NA,NA,Mouse,350ug,2w,UBE3A-ATS
750386,23,22,30,NA,NA,Mouse,350ug,2w,UBE3A-ATS
750413,34,36,40,NA,NA,Mouse,350ug,2w,UBE3A-ATS
750430,37,42,44,NA,NA,Mouse,350ug,2w,UBE3A-ATS
750439,49,45,44,NA,NA,Mouse,350ug,2w,UBE3A-ATS
1065296,36,34,32,NA,NA,Mouse,350ug,2w,UBE3A-ATS
1065578,46,42,34,NA,NA,Mouse,350ug,2w,UBE3A-ATS
1065579,16,18,18,NA,NA,Mouse,350ug,2w,UBE3A-ATS
1065586,71,55,44,NA,NA,Mouse,350ug,2w,UBE3A-ATS
1065590,65,52,42,NA,NA,Mouse,350ug,2w,UBE3A-ATS
1065591,27,22,20,NA,NA,Mouse,350ug,2w,UBE3A-ATS
1065595,45,32,19,NA,NA,Mouse,350ug,2w,UBE3A-ATS
1065599,26,22,18,NA,NA,Mouse,350ug,2w,UBE3A-ATS
1065600,40,35,32,NA,NA,Mouse,350ug,2w,UBE3A-ATS
1065605,65,63,44,NA,NA,Mouse,350ug,2w,UBE3A-ATS
1065607,36,34,28,NA,NA,Mouse,350ug,2w,UBE3A-ATS
1065608,51,40,18,NA,NA,Mouse,350ug,2w,UBE3A-ATS
1065623,32,28,16,NA,NA,Mouse,350ug,2w,UBE3A-ATS
1065635,38,38,31,NA,NA,Mouse,350ug,2w,UBE3A-ATS
1065641,47,52,31,NA,NA,Mouse,350ug,2w,UBE3A-ATS
1065642,62,55,42,NA,NA,Mouse,350ug,2w,UBE3A-ATS
1065645,21,27,16,NA,NA,Mouse,350ug,2w,UBE3A-ATS
1065646,48,57,39,NA,NA,Mouse,350ug,2w,UBE3A-ATS
1065651,36,45,28,NA,NA,Mouse,350ug,2w,UBE3A-ATS
1065667,24,27,21,NA,NA,Mouse,350ug,2w,UBE3A-ATS
1065671,28,27,20,NA,NA,Mouse,350ug,2w,UBE3A-ATS
1065685,76,72,56,NA,NA,Mouse,350ug,2w,UBE3A-ATS
1065690,18,14,10,NA,NA,Mouse,350ug,2w,UBE3A-ATS
1065708,30,34,26,NA,NA,Mouse,350ug,2w,UBE3A-ATS
1065710,29,32,28,NA,NA,Mouse,350ug,2w,UBE3A-ATS
1065713,37,32,30,NA,NA,Mouse,350ug,2w,UBE3A-ATS
1065765,30,24,23,NA,NA,Mouse,350ug,2w,UBE3A-ATS
1065813,64,45,36,NA,NA,Mouse,350ug,2w,UBE3A-ATS
1065823,32,28,34,NA,NA,Mouse,350ug,2w,UBE3A-ATS
1065858,17,20,19,NA,NA,Mouse,350ug,2w,UBE3A-ATS
1065859,18,16,24,NA,NA,Mouse,350ug,2w,UBE3A-ATS
1065863,34,40,46,NA,NA,Mouse,350ug,2w,UBE3A-ATS
1065868,16,16,18,NA,NA,Mouse,350ug,2w,UBE3A-ATS
1065920,50,56,46,NA,NA,Mouse,350ug,2w,UBE3A-ATS
1065932,30,29,26,NA,NA,Mouse,350ug,2w,UBE3A-ATS
1065947,35,30,31,NA,NA,Mouse,350ug,2w,UBE3A-ATS
1066221,72,72,44,NA,NA,Mouse,350ug,2w,UBE3A-ATS
1066420,66,72,54,NA,NA,Mouse,350ug,2w,UBE3A-ATS
1066423,36,38,40,NA,NA,Mouse,350ug,2w,UBE3A-ATS
1066429,78,70,72,NA,NA,Mouse,350ug,2w,UBE3A-ATS
1065272,39,30,38,NA,NA,Mouse,350ug,2w,UBE3A-ATS
1065582,52,30,44,NA,NA,Mouse,350ug,2w,UBE3A-ATS
1065616,44,25,37,NA,NA,Mouse,350ug,2w,UBE3A-ATS
1065619,54,25,32,NA,NA,Mouse,350ug,2w,UBE3A-ATS
1065621,56,37,42,NA,NA,Mouse,350ug,2w,UBE3A-ATS
1065624,62,41,20,NA,NA,Mouse,350ug,2w,UBE3A-ATS
1065631,68,33,24,NA,NA,Mouse,350ug,2w,UBE3A-ATS
1065669,80,32,36,NA,NA,Mouse,350ug,2w,UBE3A-ATS
1065674,106,35,36,NA,NA,Mouse,350ug,2w,UBE3A-ATS
1065678,100,36,32,NA,NA,Mouse,350ug,2w,UBE3A-ATS
1065680,128,60,42,NA,NA,Mouse,350ug,2w,UBE3A-ATS
1065686,59,24,20,NA,NA,Mouse,350ug,2w,UBE3A-ATS
1065696,112,34,42,NA,NA,Mouse,350ug,2w,UBE3A-ATS
1065719,116,34,60,NA,NA,Mouse,350ug,2w,UBE3A-ATS
1065728,48,10,17,NA,NA,Mouse,350ug,2w,UBE3A-ATS
1065754,108,24,44,NA,NA,Mouse,350ug,2w,UBE3A-ATS
1065766,104,41,26,NA,NA,Mouse,350ug,2w,UBE3A-ATS
1065768,92,40,36,NA,NA,Mouse,350ug,2w,UBE3A-ATS
1065799,102,42,41,NA,NA,Mouse,350ug,2w,UBE3A-ATS
1065812,30,14,16,NA,NA,Mouse,350ug,2w,UBE3A-ATS
1065817,56,22,26,NA,NA,Mouse,350ug,2w,UBE3A-ATS
1065821,38,18,20,NA,NA,Mouse,350ug,2w,UBE3A-ATS
1065829,69,18,32,NA,NA,Mouse,350ug,2w,UBE3A-ATS
1065840,53,14,24,NA,NA,Mouse,350ug,2w,UBE3A-ATS
1065856,37,16,18,NA,NA,Mouse,350ug,2w,UBE3A-ATS
1065857,48,24,30,NA,NA,Mouse,350ug,2w,UBE3A-ATS
1065899,68,27,34,NA,NA,Mouse,350ug,2w,UBE3A-ATS
1065902,48,16,19,NA,NA,Mouse,350ug,2w,UBE3A-ATS
1065937,78,12,20,NA,NA,Mouse,350ug,2w,UBE3A-ATS
1065953,50,12,16,NA,NA,Mouse,350ug,2w,UBE3A-ATS
1065955,61,18,30,NA,NA,Mouse,350ug,2w,UBE3A-ATS
1066046,114,34,54,NA,NA,Mouse,350ug,2w,UBE3A-ATS
1066076,76,26,44,NA,NA,Mouse,350ug,2w,UBE3A-ATS
1066092,52,14,24,NA,NA,Mouse,350ug,2w,UBE3A-ATS
1066217,65,26,34,NA,NA,Mouse,350ug,2w,UBE3A-ATS
1066253,44,14,24,NA,NA,Mouse,350ug,2w,UBE3A-ATS
1066377,76,29,45,NA,NA,Mouse,350ug,2w,UBE3A-ATS
1263473,66,71,43,NA,NA,Mouse,350ug,2w,UBE3A-ATS
1263474,10,15,8,NA,NA,Mouse,350ug,2w,UBE3A-ATS
1263475,8,10,6,NA,NA,Mouse,350ug,2w,UBE3A-ATS
1263476,14,12,6,NA,NA,Mouse,350ug,2w,UBE3A-ATS
1263477,11,10,4,NA,NA,Mouse,350ug,2w,UBE3A-ATS
1263478,17,18,13,NA,NA,Mouse,350ug,2w,UBE3A-ATS
1263486,32,27,27,NA,NA,Mouse,350ug,2w,UBE3A-ATS
1263487,43,43,31,NA,NA,Mouse,350ug,2w,UBE3A-ATS
1263488,14,24,23,NA,NA,Mouse,350ug,2w,UBE3A-ATS
1263489,16,17,16,NA,NA,Mouse,350ug,2w,UBE3A-ATS
1263490,23,28,24,NA,NA,Mouse,350ug,2w,UBE3A-ATS
1263491,21,25,22,NA,NA,Mouse,350ug,2w,UBE3A-ATS
1263492,58,50,29,NA,NA,Mouse,350ug,2w,UBE3A-ATS
1263504,12,11,9,NA,NA,Mouse,350ug,2w,UBE3A-ATS
1263505,7,11,6,NA,NA,Mouse,350ug,2w,UBE3A-ATS
1263506,6,10,5,NA,NA,Mouse,350ug,2w,UBE3A-ATS
1263507,6,14,5,NA,NA,Mouse,350ug,2w,UBE3A-ATS
1263508,9,15,7,NA,NA,Mouse,350ug,2w,UBE3A-ATS
1263509,7,17,6,NA,NA,Mouse,350ug,2w,UBE3A-ATS
1263510,72,70,37,NA,NA,Mouse,350ug,2w,UBE3A-ATS
1263517,17,22,13,NA,NA,Mouse,350ug,2w,UBE3A-ATS
1263518,30,36,19,NA,NA,Mouse,350ug,2w,UBE3A-ATS
1263519,15,25,20,NA,NA,Mouse,350ug,2w,UBE3A-ATS
1263520,11,19,15,NA,NA,Mouse,350ug,2w,UBE3A-ATS
1263521,20,44,20,NA,NA,Mouse,350ug,2w,UBE3A-ATS
1263522,35,29,22,NA,NA,Mouse,350ug,2w,UBE3A-ATS
1263523,32,30,21,NA,NA,Mouse,350ug,2w,UBE3A-ATS
1263532,40,49,29,NA,NA,Mouse,350ug,2w,UBE3A-ATS
1263533,17,24,18,NA,NA,Mouse,350ug,2w,UBE3A-ATS
1263534,37,52,27,NA,NA,Mouse,350ug,2w,UBE3A-ATS
1263536,36,45,30,NA,NA,Mouse,350ug,2w,UBE3A-ATS
1263537,34,43,29,NA,NA,Mouse,350ug,2w,UBE3A-ATS
1263539,88,59,51,NA,NA,Mouse,350ug,2w,UBE3A-ATS
1263540,29,21,22,NA,NA,Mouse,350ug,2w,UBE3A-ATS
1263541,80,66,52,NA,NA,Mouse,350ug,2w,UBE3A-ATS
1263543,84,362,49,NA,NA,Mouse,350ug,2w,UBE3A-ATS
1263544,104,100,53,NA,NA,Mouse,350ug,2w,UBE3A-ATS
1263545,57,54,36,NA,NA,Mouse,350ug,2w,UBE3A-ATS
1263546,88,45,45,NA,NA,Mouse,350ug,2w,UBE3A-ATS
1263547,30,28,26,NA,NA,Mouse,350ug,2w,UBE3A-ATS
1263548,47,45,36,NA,NA,Mouse,350ug,2w,UBE3A-ATS
1263549,84,87,66,NA,NA,Mouse,350ug,2w,UBE3A-ATS
1263550,76,75,47,NA,NA,Mouse,350ug,2w,UBE3A-ATS
1263551,39,45,30,NA,NA,Mouse,350ug,2w,UBE3A-ATS
1263552,93,65,66,NA,NA,Mouse,350ug,2w,UBE3A-ATS
1263554,88,75,72,NA,NA,Mouse,350ug,2w,UBE3A-ATS
1263556,83,59,60,NA,NA,Mouse,350ug,2w,UBE3A-ATS
1263557,109,91,86,NA,NA,Mouse,350ug,2w,UBE3A-ATS
1263408,46,70,45,NA,NA,Mouse,350ug,2w,UBE3A-ATS
1263409,33,44,29,NA,NA,Mouse,350ug,2w,UBE3A-ATS
1263410,42,64,29,NA,NA,Mouse,350ug,2w,UBE3A-ATS
1263411,58,72,42,NA,NA,Mouse,350ug,2w,UBE3A-ATS
1263419,65,126,47,NA,NA,Mouse,350ug,2w,UBE3A-ATS
1263420,72,130,73,NA,NA,Mouse,350ug,2w,UBE3A-ATS
1263429,36,33,27,NA,NA,Mouse,350ug,2w,UBE3A-ATS
1263434,42,50,44,NA,NA,Mouse,350ug,2w,UBE3A-ATS
1263435,61,42,47,NA,NA,Mouse,350ug,2w,UBE3A-ATS
1263441,29,17,22,NA,NA,Mouse,350ug,2w,UBE3A-ATS
1263451,28,16,21,NA,NA,Mouse,350ug,2w,UBE3A-ATS
1263452,15,8,14,NA,NA,Mouse,350ug,2w,UBE3A-ATS
1263453,9,9,13,NA,NA,Mouse,350ug,2w,UBE3A-ATS
1263454,13,8,6,NA,NA,Mouse,350ug,2w,UBE3A-ATS
1263455,35,19,5,NA,NA,Mouse,350ug,2w,UBE3A-ATS
1263458,88,62,39,NA,NA,Mouse,350ug,2w,UBE3A-ATS
1263459,52,45,28,NA,NA,Mouse,350ug,2w,UBE3A-ATS
1263460,34,28,11,NA,NA,Mouse,350ug,2w,UBE3A-ATS
1263461,35,30,24,NA,NA,Mouse,350ug,2w,UBE3A-ATS
1263462,25,24,25,NA,NA,Mouse,350ug,2w,UBE3A-ATS
1263463,66,40,36,NA,NA,Mouse,350ug,2w,UBE3A-ATS
1263464,38,22,25,NA,NA,Mouse,350ug,2w,UBE3A-ATS
1263465,39,35,32,NA,NA,Mouse,350ug,2w,UBE3A-ATS
1065786,32,75,121,NA,NA,Mouse,350ug,2w,UBE3A-ATS
1165526,46,78,116,NA,NA,Mouse,350ug,2w,UBE3A-ATS
1272943,32,73,41,NA,NA,Mouse,350ug,2w,UBE3A-ATS
1272946,33,69,37,NA,NA,Mouse,350ug,2w,UBE3A-ATS
1272947,54,94,55,NA,NA,Mouse,350ug,2w,UBE3A-ATS
1272951,75,89,70,NA,NA,Mouse,350ug,2w,UBE3A-ATS
1272952,109,85,125,NA,NA,Mouse,350ug,2w,UBE3A-ATS
1272953,51,78,86,NA,NA,Mouse,350ug,2w,UBE3A-ATS
1272954,70,89,110,NA,NA,Mouse,350ug,2w,UBE3A-ATS
1272955,70,136,137,NA,NA,Mouse,350ug,2w,UBE3A-ATS
1272960,40,77,59,NA,NA,Mouse,350ug,2w,UBE3A-ATS
1272962,26,52,45,NA,NA,Mouse,350ug,2w,UBE3A-ATS
1272964,62,58,74,NA,NA,Mouse,350ug,2w,UBE3A-ATS
1272965,25,39,43,NA,NA,Mouse,350ug,2w,UBE3A-ATS
1272966,67,68,52,NA,NA,Mouse,350ug,2w,UBE3A-ATS
1272967,62,69,65,NA,NA,Mouse,350ug,2w,UBE3A-ATS
1272968,66,62,76,NA,NA,Mouse,350ug,2w,UBE3A-ATS
1272969,147,60,83,NA,NA,Mouse,350ug,2w,UBE3A-ATS
1272970,60,57,143,NA,NA,Mouse,350ug,2w,UBE3A-ATS
1272971,48,58,81,NA,NA,Mouse,350ug,2w,UBE3A-ATS
1272972,38,69,74,NA,NA,Mouse,350ug,2w,UBE3A-ATS
1272974,18,29,40,NA,NA,Mouse,350ug,2w,UBE3A-ATS
1272975,96,86,124,NA,NA,Mouse,350ug,2w,UBE3A-ATS
1272976,50,62,93,NA,NA,Mouse,350ug,2w,UBE3A-ATS
1272977,47,59,58,NA,NA,Mouse,350ug,2w,UBE3A-ATS
1272978,40,46,39,NA,NA,Mouse,350ug,2w,UBE3A-ATS
1272979,46,69,61,NA,NA,Mouse,350ug,2w,UBE3A-ATS
1272982,42,58,60,NA,NA,Mouse,350ug,2w,UBE3A-ATS
1272983,70,83,84,NA,NA,Mouse,350ug,2w,UBE3A-ATS
1272985,38,56,72,NA,NA,Mouse,350ug,2w,UBE3A-ATS
1272987,28,37,181,NA,NA,Mouse,350ug,2w,UBE3A-ATS
1272988,31,34,66,NA,NA,Mouse,350ug,2w,UBE3A-ATS
1272989,68,60,87,NA,NA,Mouse,350ug,2w,UBE3A-ATS
1272992,42,45,77,NA,NA,Mouse,350ug,2w,UBE3A-ATS
1272993,60,36,57,NA,NA,Mouse,350ug,2w,UBE3A-ATS
1272994,10,12,16,NA,NA,Mouse,350ug,2w,UBE3A-ATS
1272995,93,35,182,NA,NA,Mouse,350ug,2w,UBE3A-ATS
1272996,18,9,26,NA,NA,Mouse,350ug,2w,UBE3A-ATS
1272997,27,12,24,NA,NA,Mouse,350ug,2w,UBE3A-ATS
1272998,17,14,26,NA,NA,Mouse,350ug,2w,UBE3A-ATS
1273000,56,45,104,NA,NA,Mouse,350ug,2w,UBE3A-ATS
1273003,60,28,93,NA,NA,Mouse,350ug,2w,UBE3A-ATS
1273009,19,8,39,NA,NA,Mouse,350ug,2w,UBE3A-ATS
1273011,80,78,145,NA,NA,Mouse,350ug,2w,UBE3A-ATS
1273012,71,36,110,NA,NA,Mouse,350ug,2w,UBE3A-ATS
1273014,37,19,46,NA,NA,Mouse,350ug,2w,UBE3A-ATS
1273015,68,35,79,NA,NA,Mouse,350ug,2w,UBE3A-ATS
1273016,37,34,58,NA,NA,Mouse,350ug,2w,UBE3A-ATS
1273017,56,39,46,NA,NA,Mouse,350ug,2w,UBE3A-ATS
1273018,60,24,41,NA,NA,Mouse,350ug,2w,UBE3A-ATS
1273019,80,39,98,NA,NA,Mouse,350ug,2w,UBE3A-ATS
1273020,19,10,44,NA,NA,Mouse,350ug,2w,UBE3A-ATS
1273021,47,27,59,NA,NA,Mouse,350ug,2w,UBE3A-ATS
1273022,45,23,73,NA,NA,Mouse,350ug,2w,UBE3A-ATS
1273023,31,23,54,NA,NA,Mouse,350ug,2w,UBE3A-ATS
1273024,25,21,29,NA,NA,Mouse,350ug,2w,UBE3A-ATS
1273028,28,50,46,NA,NA,Mouse,350ug,2w,UBE3A-ATS
1273031,28,17,45,NA,NA,Mouse,350ug,2w,UBE3A-ATS
1273032,35,21,40,NA,NA,Mouse,350ug,2w,UBE3A-ATS
1273033,26,12,36,NA,NA,Mouse,350ug,2w,UBE3A-ATS
699781,37,25,66,NA,NA,Mouse,350ug,2w,UBE3A-ATS
1065707,70,44,78,NA,NA,Mouse,350ug,2w,UBE3A-ATS
1165621,71,41,107,NA,NA,Mouse,350ug,2w,UBE3A-ATS
1273034,NA,23,25,NA,NA,Mouse,350ug,2w,UBE3A-ATS
1273035,NA,20,16,NA,NA,Mouse,350ug,2w,UBE3A-ATS
1273036,NA,26,24,NA,NA,Mouse,350ug,2w,UBE3A-ATS
1273061,NA,22,33,NA,NA,Mouse,350ug,2w,UBE3A-ATS
1273062,NA,10,28,NA,NA,Mouse,350ug,2w,UBE3A-ATS
1273063,NA,29,32,NA,NA,Mouse,350ug,2w,UBE3A-ATS
1273064,NA,25,38,NA,NA,Mouse,350ug,2w,UBE3A-ATS
1273065,NA,16,27,NA,NA,Mouse,350ug,2w,UBE3A-ATS
1273066,NA,36,34,NA,NA,Mouse,350ug,2w,UBE3A-ATS
1273067,NA,42,44,NA,NA,Mouse,350ug,2w,UBE3A-ATS
1273070,NA,23,25,NA,NA,Mouse,350ug,2w,UBE3A-ATS
1273071,NA,71,57,NA,NA,Mouse,350ug,2w,UBE3A-ATS
1273072,NA,48,38,NA,NA,Mouse,350ug,2w,UBE3A-ATS
1273037,NA,25,12,NA,NA,Mouse,350ug,2w,UBE3A-ATS
1273038,NA,29,16,NA,NA,Mouse,350ug,2w,UBE3A-ATS
1273039,NA,29,15,NA,NA,Mouse,350ug,2w,UBE3A-ATS
1273040,NA,33,39,NA,NA,Mouse,350ug,2w,UBE3A-ATS
1273041,NA,29,48,NA,NA,Mouse,350ug,2w,UBE3A-ATS
1273042,NA,17,51,NA,NA,Mouse,350ug,2w,UBE3A-ATS
1273044,NA,27,45,NA,NA,Mouse,350ug,2w,UBE3A-ATS
1273045,NA,24,48,NA,NA,Mouse,350ug,2w,UBE3A-ATS
1273048,NA,18,30,NA,NA,Mouse,350ug,2w,UBE3A-ATS
1273049,NA,15,19,NA,NA,Mouse,350ug,2w,UBE3A-ATS
1273050,NA,31,30,NA,NA,Mouse,350ug,2w,UBE3A-ATS
1273051,NA,21,17,NA,NA,Mouse,350ug,2w,UBE3A-ATS
1273052,NA,15,14,NA,NA,Mouse,350ug,2w,UBE3A-ATS
1273055,NA,20,14,NA,NA,Mouse,350ug,2w,UBE3A-ATS
1273056,NA,22,16,NA,NA,Mouse,350ug,2w,UBE3A-ATS
1273057,NA,18,16,NA,NA,Mouse,350ug,2w,UBE3A-ATS
1273058,NA,22,20,NA,NA,Mouse,350ug,2w,UBE3A-ATS
1273059,NA,17,16,NA,NA,Mouse,350ug,2w,UBE3A-ATS
1273060,NA,35,36,NA,NA,Mouse,350ug,2w,UBE3A-ATS
1273084,NA,35,41,NA,NA,Mouse,350ug,2w,UBE3A-ATS
1273087,NA,14,12,NA,NA,Mouse,350ug,2w,UBE3A-ATS
1273088,NA,28,33,NA,NA,Mouse,350ug,2w,UBE3A-ATS
1273090,NA,41,24,NA,NA,Mouse,350ug,2w,UBE3A-ATS
1273091,NA,31,26,NA,NA,Mouse,350ug,2w,UBE3A-ATS
1273092,NA,38,37,NA,NA,Mouse,350ug,2w,UBE3A-ATS
1273093,NA,23,28,NA,NA,Mouse,350ug,2w,UBE3A-ATS
1273098,NA,23,17,NA,NA,Mouse,350ug,2w,UBE3A-ATS
1273099,NA,10,14,NA,NA,Mouse,350ug,2w,UBE3A-ATS
1273101,NA,32,29,NA,NA,Mouse,350ug,2w,UBE3A-ATS
1273102,NA,18,20,NA,NA,Mouse,350ug,2w,UBE3A-ATS
1273103,NA,5,12,NA,NA,Mouse,350ug,2w,UBE3A-ATS
1273104,NA,16,57,NA,NA,Mouse,350ug,2w,UBE3A-ATS
1273105,NA,9,34,NA,NA,Mouse,350ug,2w,UBE3A-ATS
1273106,NA,11,30,NA,NA,Mouse,350ug,2w,UBE3A-ATS
1273107,NA,8,24,NA,NA,Mouse,350ug,2w,UBE3A-ATS
1273108,NA,13,31,NA,NA,Mouse,350ug,2w,UBE3A-ATS
1273109,NA,13,30,NA,NA,Mouse,350ug,2w,UBE3A-ATS
1273110,NA,8,37,NA,NA,Mouse,350ug,2w,UBE3A-ATS
1273111,NA,12,46,NA,NA,Mouse,350ug,2w,UBE3A-ATS
1273113,NA,10,25,NA,NA,Mouse,350ug,2w,UBE3A-ATS
1273114,NA,26,46,NA,NA,Mouse,350ug,2w,UBE3A-ATS
1273115,NA,7,15,NA,NA,Mouse,350ug,2w,UBE3A-ATS
1165523,NA,17,38,NA,NA,Mouse,350ug,2w,UBE3A-ATS
1165533,NA,19,31,NA,NA,Mouse,350ug,2w,UBE3A-ATS
1165538,NA,25,64,NA,NA,Mouse,350ug,2w,UBE3A-ATS
1165550,NA,11,47,NA,NA,Mouse,350ug,2w,UBE3A-ATS
1165563,NA,12,30,NA,NA,Mouse,350ug,2w,UBE3A-ATS
1165586,NA,19,35,NA,NA,Mouse,350ug,2w,UBE3A-ATS
1165596,NA,49,69,NA,NA,Mouse,350ug,2w,UBE3A-ATS
1165616,NA,25,109,NA,NA,Mouse,350ug,2w,UBE3A-ATS
1165855,NA,16,49,NA,NA,Mouse,350ug,2w,UBE3A-ATS
1165897,NA,28,39,NA,NA,Mouse,350ug,2w,UBE3A-ATS
1179808,NA,36,83,NA,NA,Mouse,350ug,2w,UBE3A-ATS
1179841,NA,9,22,NA,NA,Mouse,350ug,2w,UBE3A-ATS
1179843,NA,11,22,NA,NA,Mouse,350ug,2w,UBE3A-ATS
1047198,44,NA,44,NA,NA,Mouse,300ug,1w,GFAP
1047211,66,NA,71,NA,NA,Mouse,300ug,1w,GFAP
1047225,61,NA,65,NA,NA,Mouse,300ug,1w,GFAP
1047298,27,NA,34,NA,NA,Mouse,300ug,1w,GFAP
1047316,24,NA,29,NA,NA,Mouse,300ug,1w,GFAP
1047362,21,NA,15,NA,NA,Mouse,300ug,1w,GFAP
1047373,16,NA,10,NA,NA,Mouse,300ug,1w,GFAP
1047374,16,NA,8,NA,NA,Mouse,300ug,1w,GFAP
1047386,19,NA,14,NA,NA,Mouse,300ug,1w,GFAP
1047394,43,NA,48,NA,NA,Mouse,300ug,1w,GFAP
1047402,25,NA,30,NA,NA,Mouse,300ug,1w,GFAP
1047432,29,NA,28,NA,NA,Mouse,300ug,1w,GFAP
1047448,45,NA,37,NA,NA,Mouse,300ug,1w,GFAP
1047500,26,NA,23,NA,NA,Mouse,300ug,1w,GFAP
1047518,34,NA,49,NA,NA,Mouse,300ug,1w,GFAP
1047522,19,NA,23,NA,NA,Mouse,300ug,1w,GFAP
1047532,30,NA,40,NA,NA,Mouse,300ug,1w,GFAP
1047579,17,NA,27,NA,NA,Mouse,300ug,1w,GFAP
1047580,15,NA,12,NA,NA,Mouse,300ug,1w,GFAP
1047581,10,NA,11,NA,NA,Mouse,300ug,1w,GFAP
1047582,8,NA,5,NA,NA,Mouse,300ug,1w,GFAP
1047583,9,NA,6,NA,NA,Mouse,300ug,1w,GFAP
1047584,7,NA,6,NA,NA,Mouse,300ug,1w,GFAP
1047585,7,NA,8,NA,NA,Mouse,300ug,1w,GFAP
1047586,11,NA,12,NA,NA,Mouse,300ug,1w,GFAP
1047587,13,NA,13,NA,NA,Mouse,300ug,1w,GFAP
1047589,13,NA,9,NA,NA,Mouse,300ug,1w,GFAP
1047590,16,NA,16,NA,NA,Mouse,300ug,1w,GFAP
1047591,17,NA,14,NA,NA,Mouse,300ug,1w,GFAP
1047598,50,NA,77,NA,NA,Mouse,300ug,1w,GFAP
1047599,15,NA,21,NA,NA,Mouse,300ug,1w,GFAP
1047601,30,NA,47,NA,NA,Mouse,300ug,1w,GFAP
1047609,18,NA,27,NA,NA,Mouse,300ug,1w,GFAP
1047610,31,NA,33,NA,NA,Mouse,300ug,1w,GFAP
1047662,27,NA,34,NA,NA,Mouse,300ug,1w,GFAP
1047679,54,NA,58,NA,NA,Mouse,300ug,1w,GFAP
1047711,38,NA,45,NA,NA,Mouse,300ug,1w,GFAP
1047884,62,NA,57,NA,NA,Mouse,300ug,1w,GFAP
1047913,66,NA,75,NA,NA,Mouse,300ug,1w,GFAP
1048027,53,NA,64,NA,NA,Mouse,300ug,1w,GFAP
1048151,64,NA,69,NA,NA,Mouse,300ug,1w,GFAP
1048182,10,NA,14,NA,NA,Mouse,300ug,1w,GFAP
1048201,7,NA,6,NA,NA,Mouse,300ug,1w,GFAP
1048203,27,NA,26,NA,NA,Mouse,300ug,1w,GFAP
1048204,18,NA,21,NA,NA,Mouse,300ug,1w,GFAP
1048227,28,NA,42,NA,NA,Mouse,300ug,1w,GFAP
1048350,24,NA,28,NA,NA,Mouse,300ug,1w,GFAP
1072813,18,NA,15,NA,NA,Mouse,300ug,1w,GFAP
1072814,19,NA,15,NA,NA,Mouse,300ug,1w,GFAP
1072857,14,NA,28,NA,NA,Mouse,300ug,1w,GFAP
1072861,23,NA,28,NA,NA,Mouse,300ug,1w,GFAP
1072862,33,NA,53,NA,NA,Mouse,300ug,1w,GFAP
1072863,28,NA,51,NA,NA,Mouse,300ug,1w,GFAP
1072886,26,NA,42,NA,NA,Mouse,300ug,1w,GFAP
1072980,25,NA,40,NA,NA,Mouse,300ug,1w,GFAP
1072986,88,NA,98,NA,NA,Mouse,300ug,1w,GFAP
1073033,80,NA,100,NA,NA,Mouse,300ug,1w,GFAP
1073045,24,NA,36,NA,NA,Mouse,300ug,1w,GFAP
1073060,16,NA,19,NA,NA,Mouse,300ug,1w,GFAP
1073063,15,NA,19,NA,NA,Mouse,300ug,1w,GFAP
1073064,20,NA,29,NA,NA,Mouse,300ug,1w,GFAP
1073065,15,NA,16,NA,NA,Mouse,300ug,1w,GFAP
1073093,8,NA,11,NA,NA,Mouse,300ug,1w,GFAP
1103202,36,NA,34,NA,NA,Mouse,300ug,1w,GFAP
1103217,43,NA,56,NA,NA,Mouse,300ug,1w,GFAP
1103218,33,NA,48,NA,NA,Mouse,300ug,1w,GFAP
1103253,36,NA,56,NA,NA,Mouse,300ug,1w,GFAP
1103256,41,NA,35,NA,NA,Mouse,300ug,1w,GFAP
1103257,43,NA,46,NA,NA,Mouse,300ug,1w,GFAP
1103259,71,NA,82,NA,NA,Mouse,300ug,1w,GFAP
1103279,14,NA,20,NA,NA,Mouse,300ug,1w,GFAP
1103285,9,NA,16,NA,NA,Mouse,300ug,1w,GFAP
1103411,32,NA,65,NA,NA,Mouse,300ug,1w,GFAP
1103465,19,NA,31,NA,NA,Mouse,300ug,1w,GFAP
1103471,39,NA,32,NA,NA,Mouse,300ug,1w,GFAP
1103502,31,NA,47,NA,NA,Mouse,300ug,1w,GFAP
1103516,27,NA,42,NA,NA,Mouse,300ug,1w,GFAP
1103567,18,NA,23,NA,NA,Mouse,300ug,1w,GFAP
1103570,4,NA,6,NA,NA,Mouse,300ug,1w,GFAP
1103872,18,NA,42,NA,NA,Mouse,300ug,1w,GFAP
1104093,12,NA,13,NA,NA,Mouse,300ug,1w,GFAP
1104116,3,NA,6,NA,NA,Mouse,300ug,1w,GFAP
1104127,10,NA,15,NA,NA,Mouse,300ug,1w,GFAP
1104144,8,NA,17,NA,NA,Mouse,300ug,1w,GFAP
1104145,6,NA,8,NA,NA,Mouse,300ug,1w,GFAP
1104152,17,NA,27,NA,NA,Mouse,300ug,1w,GFAP
1104159,10,NA,17,NA,NA,Mouse,300ug,1w,GFAP
1104166,13,NA,17,NA,NA,Mouse,300ug,1w,GFAP
1104175,8,NA,15,NA,NA,Mouse,300ug,1w,GFAP
1104276,41,NA,53,NA,NA,Mouse,300ug,1w,GFAP
1104307,14,NA,13,NA,NA,Mouse,300ug,1w,GFAP
1104309,11,NA,10,NA,NA,Mouse,300ug,1w,GFAP
1104311,18,NA,11,NA,NA,Mouse,300ug,1w,GFAP
1166719,31,NA,41,NA,NA,Mouse,300ug,1w,GFAP
1166720,8,NA,12,NA,NA,Mouse,300ug,1w,GFAP
1166721,8,NA,7,NA,NA,Mouse,300ug,1w,GFAP
1166738,27,NA,NA,NA,NA,Mouse,300ug,1w,GFAP
1166739,27,NA,NA,NA,NA,Mouse,300ug,1w,GFAP
1166740,26,NA,NA,NA,NA,Mouse,300ug,1w,GFAP
1166742,43,NA,NA,NA,NA,Mouse,300ug,1w,GFAP
1166744,14,NA,NA,NA,NA,Mouse,300ug,1w,GFAP
1166746,94,NA,NA,NA,NA,Mouse,300ug,1w,GFAP
1166747,23,NA,NA,NA,NA,Mouse,300ug,1w,GFAP
1166748,20,NA,NA,NA,NA,Mouse,300ug,1w,GFAP
1166749,11,NA,13,NA,NA,Mouse,300ug,1w,GFAP
1166750,7,NA,10,NA,NA,Mouse,300ug,1w,GFAP
1166751,9,NA,12,NA,NA,Mouse,300ug,1w,GFAP
1166757,7,NA,NA,NA,NA,Mouse,300ug,1w,GFAP
1166758,34,NA,NA,NA,NA,Mouse,300ug,1w,GFAP
1166759,9,NA,NA,NA,NA,Mouse,300ug,1w,GFAP
1166760,16,NA,NA,NA,NA,Mouse,300ug,1w,GFAP
1166761,5,NA,12,NA,NA,Mouse,300ug,1w,GFAP
1166762,18,NA,NA,NA,NA,Mouse,300ug,1w,GFAP
1166763,13,NA,NA,NA,NA,Mouse,300ug,1w,GFAP
1166775,21,NA,NA,NA,NA,Mouse,300ug,1w,GFAP
1166776,30,NA,NA,NA,NA,Mouse,300ug,1w,GFAP
1166777,13,NA,NA,NA,NA,Mouse,300ug,1w,GFAP
1166778,6,NA,NA,NA,NA,Mouse,300ug,1w,GFAP
1166779,7,NA,NA,NA,NA,Mouse,300ug,1w,GFAP
1166780,9,NA,NA,NA,NA,Mouse,300ug,1w,GFAP
1166781,7,NA,NA,NA,NA,Mouse,300ug,1w,GFAP
1166782,12,NA,NA,NA,NA,Mouse,300ug,1w,GFAP
1166783,17,NA,NA,NA,NA,Mouse,300ug,1w,GFAP
1166784,30,NA,NA,NA,NA,Mouse,300ug,1w,GFAP
1166785,13,NA,NA,NA,NA,Mouse,300ug,1w,GFAP
1166786,19,NA,NA,NA,NA,Mouse,300ug,1w,GFAP
1166787,19,NA,NA,NA,NA,Mouse,300ug,1w,GFAP
1166793,23,NA,NA,NA,NA,Mouse,300ug,1w,GFAP
1166794,32,NA,NA,NA,NA,Mouse,300ug,1w,GFAP
1166795,51,NA,NA,NA,NA,Mouse,300ug,1w,GFAP
1166798,25,NA,NA,NA,NA,Mouse,300ug,1w,GFAP
1166799,33,NA,NA,NA,NA,Mouse,300ug,1w,GFAP
1166800,8,NA,NA,NA,NA,Mouse,300ug,1w,GFAP
1166802,38,NA,NA,NA,NA,Mouse,300ug,1w,GFAP
1166803,31,NA,NA,NA,NA,Mouse,300ug,1w,GFAP
1166804,29,NA,NA,NA,NA,Mouse,300ug,1w,GFAP
1166805,7,NA,NA,NA,NA,Mouse,300ug,1w,GFAP
1166806,23,NA,NA,NA,NA,Mouse,300ug,1w,GFAP
1166807,19,NA,NA,NA,NA,Mouse,300ug,1w,GFAP
1166808,14,NA,NA,NA,NA,Mouse,300ug,1w,GFAP
1166809,13,NA,NA,NA,NA,Mouse,300ug,1w,GFAP
1166810,16,NA,NA,NA,NA,Mouse,300ug,1w,GFAP
1166812,23,NA,NA,NA,NA,Mouse,300ug,1w,GFAP
1166813,21,NA,NA,NA,NA,Mouse,300ug,1w,GFAP
1166814,29,NA,NA,NA,NA,Mouse,300ug,1w,GFAP
1166815,42,NA,NA,NA,NA,Mouse,300ug,1w,GFAP
1166816,31,NA,NA,NA,NA,Mouse,300ug,1w,GFAP
1166817,37,NA,NA,NA,NA,Mouse,300ug,1w,GFAP
1166818,14,NA,NA,NA,NA,Mouse,300ug,1w,GFAP
1166819,9,NA,NA,NA,NA,Mouse,300ug,1w,GFAP
1166820,12,NA,NA,NA,NA,Mouse,300ug,1w,GFAP
1166821,15,NA,NA,NA,NA,Mouse,300ug,1w,GFAP
1166822,20,NA,NA,NA,NA,Mouse,300ug,1w,GFAP
1166823,7,NA,NA,NA,NA,Mouse,300ug,1w,GFAP
1166826,6,NA,NA,NA,NA,Mouse,300ug,1w,GFAP
1166831,16,NA,NA,NA,NA,Mouse,300ug,1w,GFAP
1166835,47,NA,NA,NA,NA,Mouse,300ug,1w,GFAP
1166841,47,NA,NA,NA,NA,Mouse,300ug,1w,GFAP
1166842,14,NA,19,NA,NA,Mouse,300ug,1w,GFAP
1166843,21,NA,37,NA,NA,Mouse,300ug,1w,GFAP
1166845,19,NA,17,NA,NA,Mouse,300ug,1w,GFAP
1166846,18,NA,12,NA,NA,Mouse,300ug,1w,GFAP
1166847,19,NA,13,NA,NA,Mouse,300ug,1w,GFAP
1166852,15,NA,NA,NA,NA,Mouse,300ug,1w,GFAP
1166867,13,NA,NA,NA,NA,Mouse,300ug,1w,GFAP
1166869,11,NA,10,NA,NA,Mouse,300ug,1w,GFAP
1166870,7,NA,6,NA,NA,Mouse,300ug,1w,GFAP
1166871,7,NA,5,NA,NA,Mouse,300ug,1w,GFAP
1166872,9,NA,10,NA,NA,Mouse,300ug,1w,GFAP
1166873,14,NA,14,NA,NA,Mouse,300ug,1w,GFAP
1166874,10,NA,9,NA,NA,Mouse,300ug,1w,GFAP
1166875,7,NA,NA,NA,NA,Mouse,300ug,1w,GFAP
1166877,7,NA,NA,NA,NA,Mouse,300ug,1w,GFAP
1166878,13,NA,NA,NA,NA,Mouse,300ug,1w,GFAP
1166885,20,NA,NA,NA,NA,Mouse,300ug,1w,GFAP
1166886,25,NA,NA,NA,NA,Mouse,300ug,1w,GFAP
1166887,12,NA,NA,NA,NA,Mouse,300ug,1w,GFAP
1166888,16,NA,NA,NA,NA,Mouse,300ug,1w,GFAP
1166890,38,NA,NA,NA,NA,Mouse,300ug,1w,GFAP
1166893,39,NA,NA,NA,NA,Mouse,300ug,1w,GFAP
1166894,20,NA,NA,NA,NA,Mouse,300ug,1w,GFAP
1166896,8,NA,NA,NA,NA,Mouse,300ug,1w,GFAP
1166897,6,NA,NA,NA,NA,Mouse,300ug,1w,GFAP
1166898,8,NA,NA,NA,NA,Mouse,300ug,1w,GFAP
1166900,20,NA,14,NA,NA,Mouse,300ug,1w,GFAP
1166901,13,NA,11,NA,NA,Mouse,300ug,1w,GFAP
1166902,15,NA,12,NA,NA,Mouse,300ug,1w,GFAP
1166903,19,NA,17,NA,NA,Mouse,300ug,1w,GFAP
1166904,30,NA,26,NA,NA,Mouse,300ug,1w,GFAP
1166905,28,NA,24,NA,NA,Mouse,300ug,1w,GFAP
1166906,56,NA,50,NA,NA,Mouse,300ug,1w,GFAP
1166907,32,NA,28,NA,NA,Mouse,300ug,1w,GFAP
1166909,30,NA,NA,NA,NA,Mouse,300ug,1w,GFAP
1166910,8,NA,NA,NA,NA,Mouse,300ug,1w,GFAP
1166911,7,NA,NA,NA,NA,Mouse,300ug,1w,GFAP
1166912,15,NA,NA,NA,NA,Mouse,300ug,1w,GFAP
1166913,12,NA,NA,NA,NA,Mouse,300ug,1w,GFAP
1166916,14,NA,NA,NA,NA,Mouse,300ug,1w,GFAP
1166920,18,NA,NA,NA,NA,Mouse,300ug,1w,GFAP
1166926,14,NA,NA,NA,NA,Mouse,300ug,1w,GFAP
1166927,15,NA,NA,NA,NA,Mouse,300ug,1w,GFAP
1166928,13,NA,NA,NA,NA,Mouse,300ug,1w,GFAP
1166929,15,NA,NA,NA,NA,Mouse,300ug,1w,GFAP
1166932,41,NA,NA,NA,NA,Mouse,300ug,1w,GFAP
1166933,13,NA,NA,NA,NA,Mouse,300ug,1w,GFAP
1166934,18,NA,NA,NA,NA,Mouse,300ug,1w,GFAP
1166940,16,NA,NA,NA,NA,Mouse,300ug,1w,GFAP
1166946,34,NA,NA,NA,NA,Mouse,300ug,1w,GFAP
1166948,41,NA,NA,NA,NA,Mouse,300ug,1w,GFAP
1166954,16,NA,NA,NA,NA,Mouse,300ug,1w,GFAP
1166975,6,NA,NA,NA,NA,Mouse,300ug,1w,GFAP
1166984,24,NA,NA,NA,NA,Mouse,300ug,1w,GFAP
1166985,9,NA,NA,NA,NA,Mouse,300ug,1w,GFAP
1166986,13,NA,NA,NA,NA,Mouse,300ug,1w,GFAP
1166987,7,NA,NA,NA,NA,Mouse,300ug,1w,GFAP
1166988,5,NA,NA,NA,NA,Mouse,300ug,1w,GFAP
1166989,4,NA,NA,NA,NA,Mouse,300ug,1w,GFAP
1166990,9,NA,NA,NA,NA,Mouse,300ug,1w,GFAP
1166991,14,NA,NA,NA,NA,Mouse,300ug,1w,GFAP
1166993,9,NA,NA,NA,NA,Mouse,300ug,1w,GFAP
1166994,10,NA,NA,NA,NA,Mouse,300ug,1w,GFAP
1166996,21,NA,NA,NA,NA,Mouse,300ug,1w,GFAP
1166997,30,NA,NA,NA,NA,Mouse,300ug,1w,GFAP
1166998,13,NA,NA,NA,NA,Mouse,300ug,1w,GFAP
1167000,15,NA,NA,NA,NA,Mouse,300ug,1w,GFAP
1167001,9,NA,NA,NA,NA,Mouse,300ug,1w,GFAP
1167002,7,NA,NA,NA,NA,Mouse,300ug,1w,GFAP
1167003,8,NA,NA,NA,NA,Mouse,300ug,1w,GFAP
1167004,13,NA,NA,NA,NA,Mouse,300ug,1w,GFAP
1167007,44,NA,NA,NA,NA,Mouse,300ug,1w,GFAP
1167011,21,NA,NA,NA,NA,Mouse,300ug,1w,GFAP
1167012,23,NA,NA,NA,NA,Mouse,300ug,1w,GFAP
1167017,8,NA,NA,NA,NA,Mouse,300ug,1w,GFAP
1167024,18,NA,NA,NA,NA,Mouse,300ug,1w,GFAP
1167025,11,NA,NA,NA,NA,Mouse,300ug,1w,GFAP
1167026,14,NA,NA,NA,NA,Mouse,300ug,1w,GFAP
1167027,13,NA,NA,NA,NA,Mouse,300ug,1w,GFAP
1167033,9,NA,NA,NA,NA,Mouse,300ug,1w,GFAP
1167035,15,NA,NA,NA,NA,Mouse,300ug,1w,GFAP
1167036,19,NA,NA,NA,NA,Mouse,300ug,1w,GFAP
1167037,25,NA,NA,NA,NA,Mouse,300ug,1w,GFAP
1167040,15,NA,NA,NA,NA,Mouse,300ug,1w,GFAP
1167046,14,NA,NA,NA,NA,Mouse,300ug,1w,GFAP
1167050,11,NA,NA,NA,NA,Mouse,300ug,1w,GFAP
1167051,10,NA,NA,NA,NA,Mouse,300ug,1w,GFAP
1167053,7,NA,NA,NA,NA,Mouse,300ug,1w,GFAP
1167054,5,NA,NA,NA,NA,Mouse,300ug,1w,GFAP
1167055,6,NA,NA,NA,NA,Mouse,300ug,1w,GFAP
1167056,6,NA,NA,NA,NA,Mouse,300ug,1w,GFAP
1167057,7,NA,NA,NA,NA,Mouse,300ug,1w,GFAP
1167058,5,NA,NA,NA,NA,Mouse,300ug,1w,GFAP
1167059,5,NA,NA,NA,NA,Mouse,300ug,1w,GFAP
1167060,8,NA,NA,NA,NA,Mouse,300ug,1w,GFAP
1174012,9,NA,NA,NA,NA,Mouse,300ug,1w,GFAP
1174013,33,NA,NA,NA,NA,Mouse,300ug,1w,GFAP
1174015,107,NA,NA,NA,NA,Mouse,300ug,1w,GFAP
1174016,66,NA,NA,NA,NA,Mouse,300ug,1w,GFAP
1174020,12,NA,NA,NA,NA,Mouse,300ug,1w,GFAP
1174024,52,NA,NA,NA,NA,Mouse,300ug,1w,GFAP
1174026,7,NA,NA,NA,NA,Mouse,300ug,1w,GFAP
1174029,32,NA,NA,NA,NA,Mouse,300ug,1w,GFAP
1174030,75,NA,NA,NA,NA,Mouse,300ug,1w,GFAP
1174031,35,NA,NA,NA,NA,Mouse,300ug,1w,GFAP
1174034,17,NA,NA,NA,NA,Mouse,300ug,1w,GFAP
1174036,43,NA,NA,NA,NA,Mouse,300ug,1w,GFAP
1174037,24,NA,NA,NA,NA,Mouse,300ug,1w,GFAP
1174050,10,NA,NA,NA,NA,Mouse,300ug,1w,GFAP
1174051,15,NA,NA,NA,NA,Mouse,300ug,1w,GFAP
1174053,22,NA,NA,NA,NA,Mouse,300ug,1w,GFAP
1174054,40,NA,NA,NA,NA,Mouse,300ug,1w,GFAP
1174056,7,NA,NA,NA,NA,Mouse,300ug,1w,GFAP
1174058,14,NA,NA,NA,NA,Mouse,300ug,1w,GFAP
1174059,14,NA,NA,NA,NA,Mouse,300ug,1w,GFAP
1174060,19,NA,NA,NA,NA,Mouse,300ug,1w,GFAP
1174061,17,NA,NA,NA,NA,Mouse,300ug,1w,GFAP
1174062,12,NA,NA,NA,NA,Mouse,300ug,1w,GFAP
1174063,12,NA,NA,NA,NA,Mouse,300ug,1w,GFAP
1174065,10,NA,NA,NA,NA,Mouse,300ug,1w,GFAP
1174066,13,NA,NA,NA,NA,Mouse,300ug,1w,GFAP
1199982,4,NA,NA,NA,NA,Mouse,300ug,1w,GFAP
1199983,13,NA,NA,NA,NA,Mouse,300ug,1w,GFAP
1199984,16,NA,NA,NA,NA,Mouse,300ug,1w,GFAP
1247564,36,NA,27,58,29,Mouse,300ug,2w,ATXN3
1247565,32,NA,28,57,28,Mouse,300ug,2w,ATXN3
1247566,33,NA,23,53,26,Mouse,300ug,2w,ATXN3
1247567,68,NA,59,79,62,Mouse,300ug,2w,ATXN3
1247568,27,NA,30,51,29,Mouse,300ug,2w,ATXN3
1248257,48,NA,45,64,46,Mouse,300ug,2w,ATXN3
1248258,85,NA,71,104,87,Mouse,300ug,2w,ATXN3
1248259,67,NA,64,79,60,Mouse,300ug,2w,ATXN3
1248260,41,NA,42,66,44,Mouse,300ug,2w,ATXN3
1248261,98,NA,74,97,85,Mouse,300ug,2w,ATXN3
1248262,93,NA,73,102,86,Mouse,300ug,2w,ATXN3
1248263,33,NA,29,52,28,Mouse,300ug,2w,ATXN3
1248264,90,NA,73,99,92,Mouse,300ug,2w,ATXN3
1248265,93,NA,85,105,102,Mouse,300ug,2w,ATXN3
1248266,50,NA,29,66,30,Mouse,300ug,2w,ATXN3
1248267,108,NA,80,99,84,Mouse,300ug,2w,ATXN3
1248268,92,NA,82,97,90,Mouse,300ug,2w,ATXN3
1248269,101,NA,73,89,84,Mouse,300ug,2w,ATXN3
1248270,61,NA,59,68,47,Mouse,300ug,2w,ATXN3
1248271,82,NA,66,83,76,Mouse,300ug,2w,ATXN3
1248272,93,NA,90,86,90,Mouse,300ug,2w,ATXN3
1248273,66,NA,62,99,63,Mouse,300ug,2w,ATXN3
1248274,29,NA,28,60,29,Mouse,300ug,2w,ATXN3
1248275,72,NA,59,90,70,Mouse,300ug,2w,ATXN3
1248276,85,NA,98,99,97,Mouse,300ug,2w,ATXN3
1248277,78,NA,72,99,79,Mouse,300ug,2w,ATXN3
1248278,54,NA,49,93,47,Mouse,300ug,2w,ATXN3
1248279,86,NA,69,74,60,Mouse,300ug,2w,ATXN3
1248280,83,NA,66,72,57,Mouse,300ug,2w,ATXN3
1248281,53,NA,60,67,43,Mouse,300ug,2w,ATXN3
1248282,76,NA,84,87,67,Mouse,300ug,2w,ATXN3
1248283,20,NA,25,54,23,Mouse,300ug,2w,ATXN3
1248284,32,NA,29,73,35,Mouse,300ug,2w,ATXN3
1248285,66,NA,65,74,65,Mouse,300ug,2w,ATXN3
1248286,75,NA,65,89,76,Mouse,300ug,2w,ATXN3
1248287,44,NA,46,63,43,Mouse,300ug,2w,ATXN3
1248288,29,NA,44,67,40,Mouse,300ug,2w,ATXN3
1248289,50,NA,58,79,52,Mouse,300ug,2w,ATXN3
1248290,34,NA,23,60,20,Mouse,300ug,2w,ATXN3
1248291,72,NA,52,84,68,Mouse,300ug,2w,ATXN3
1248292,31,NA,33,70,27,Mouse,300ug,2w,ATXN3
1248293,83,NA,75,90,79,Mouse,300ug,2w,ATXN3
1248294,93,NA,62,86,79,Mouse,300ug,2w,ATXN3
1248295,84,NA,58,83,55,Mouse,300ug,2w,ATXN3
1248296,73,NA,66,81,70,Mouse,300ug,2w,ATXN3
1248297,66,NA,62,65,62,Mouse,300ug,2w,ATXN3
1248298,84,NA,80,79,74,Mouse,300ug,2w,ATXN3
1248299,93,NA,84,94,84,Mouse,300ug,2w,ATXN3
1248300,86,NA,70,82,70,Mouse,300ug,2w,ATXN3
1269442,28,NA,41,63,46,Mouse,300ug,2w,ATXN3
1269443,48,NA,58,66,51,Mouse,300ug,2w,ATXN3
1269444,43,NA,51,65,49,Mouse,300ug,2w,ATXN3
1269445,49,NA,44,58,57,Mouse,300ug,2w,ATXN3
1269446,59,NA,64,72,70,Mouse,300ug,2w,ATXN3
1269447,48,NA,56,77,62,Mouse,300ug,2w,ATXN3
1269448,35,NA,40,60,46,Mouse,300ug,2w,ATXN3
1269449,28,NA,38,50,43,Mouse,300ug,2w,ATXN3
1269450,62,NA,68,89,70,Mouse,300ug,2w,ATXN3
1269451,74,NA,70,101,85,Mouse,300ug,2w,ATXN3
1269452,84,NA,85,94,69,Mouse,300ug,2w,ATXN3
1269453,74,NA,64,87,50,Mouse,300ug,2w,ATXN3
1269454,48,NA,43,75,33,Mouse,300ug,2w,ATXN3
1269455,20,NA,18,58,14,Mouse,300ug,2w,ATXN3
1269456,15,NA,17,55,14,Mouse,300ug,2w,ATXN3
1269457,27,NA,30,70,27,Mouse,300ug,2w,ATXN3
1269458,31,NA,40,77,29,Mouse,300ug,2w,ATXN3
1269459,61,NA,58,95,47,Mouse,300ug,2w,ATXN3
1269460,56,NA,51,106,63,Mouse,300ug,2w,ATXN3
1269461,81,NA,67,125,77,Mouse,300ug,2w,ATXN3
1269462,61,NA,59,98,67,Mouse,300ug,2w,ATXN3
1269463,65,NA,61,100,72,Mouse,300ug,2w,ATXN3
1269464,79,NA,76,117,95,Mouse,300ug,2w,ATXN3
1269465,87,NA,106,54,85,Mouse,300ug,2w,ATXN3
1269466,39,NA,56,61,54,Mouse,300ug,2w,ATXN3
1269467,41,NA,61,57,53,Mouse,300ug,2w,ATXN3
1269468,28,NA,41,59,36,Mouse,300ug,2w,ATXN3
1269469,32,NA,44,54,40,Mouse,300ug,2w,ATXN3
1269470,42,NA,44,66,49,Mouse,300ug,2w,ATXN3
1269471,46,NA,57,53,51,Mouse,300ug,2w,ATXN3
1269472,60,NA,90,65,69,Mouse,300ug,2w,ATXN3
1269473,64,NA,79,66,73,Mouse,300ug,2w,ATXN3
1269474,60,NA,63,71,65,Mouse,300ug,2w,ATXN3
1269475,81,NA,101,71,77,Mouse,300ug,2w,ATXN3
1269476,74,NA,131,64,95,Mouse,300ug,2w,ATXN3
1269477,60,NA,71,75,66,Mouse,300ug,2w,ATXN3
1269478,52,NA,43,91,47,Mouse,300ug,2w,ATXN3
1269479,47,NA,51,83,58,Mouse,300ug,2w,ATXN3
1269480,49,NA,46,78,54,Mouse,300ug,2w,ATXN3
1269481,75,NA,61,84,62,Mouse,300ug,2w,ATXN3
1269482,71,NA,43,80,52,Mouse,300ug,2w,ATXN3
1269483,63,NA,37,87,46,Mouse,300ug,2w,ATXN3
1269484,69,NA,44,83,57,Mouse,300ug,2w,ATXN3
1269485,14,NA,18,54,14,Mouse,300ug,2w,ATXN3
1269486,26,NA,24,62,23,Mouse,300ug,2w,ATXN3
1269487,61,NA,67,95,60,Mouse,300ug,2w,ATXN3
1269488,75,NA,65,109,60,Mouse,300ug,2w,ATXN3
1269489,55,NA,53,82,66,Mouse,300ug,2w,ATXN3
1269490,55,NA,53,96,63,Mouse,300ug,2w,ATXN3
1269491,58,NA,50,91,62,Mouse,300ug,2w,ATXN3
1269492,53,NA,47,83,57,Mouse,300ug,2w,ATXN3
1269493,45,NA,42,95,43,Mouse,300ug,2w,ATXN3
1269494,35,NA,42,79,42,Mouse,300ug,2w,ATXN3
1269495,21,NA,26,57,26,Mouse,300ug,2w,ATXN3
1269496,38,NA,47,82,44,Mouse,300ug,2w,ATXN3
1269632,11,NA,16,64,18,Mouse,300ug,2w,ATXN3
1269633,14,NA,22,60,26,Mouse,300ug,2w,ATXN3
1269634,30,NA,26,74,26,Mouse,300ug,2w,ATXN3
1269635,20,NA,26,58,26,Mouse,300ug,2w,ATXN3
1269636,16,NA,22,60,21,Mouse,300ug,2w,ATXN3
1269637,29,NA,26,74,31,Mouse,300ug,2w,ATXN3
1269638,27,NA,49,79,51,Mouse,300ug,2w,ATXN3
1269639,35,NA,33,68,35,Mouse,300ug,2w,ATXN3
1269640,34,NA,40,71,41,Mouse,300ug,2w,ATXN3
1287089,24,NA,27,38,14,Mouse,300ug,2w,ATXN3
1287090,12,NA,12,32,12,Mouse,300ug,2w,ATXN3
1287091,17,NA,24,39,19,Mouse,300ug,2w,ATXN3
1287092,36,NA,26,44,19,Mouse,300ug,2w,ATXN3
1287093,30,NA,37,53,14,Mouse,300ug,2w,ATXN3
1287094,41,NA,32,47,32,Mouse,300ug,2w,ATXN3
1287095,17,NA,24,27,15,Mouse,300ug,2w,ATXN3
1287096,34,NA,31,31,19,Mouse,300ug,2w,ATXN3
1287098,35,NA,38,67,29,Mouse,300ug,2w,ATXN3
1287099,38,NA,32,34,21,Mouse,300ug,2w,ATXN3
1287100,28,NA,49,49,17,Mouse,300ug,2w,ATXN3
1287101,46,NA,28,43,29,Mouse,300ug,2w,ATXN3
1287102,61,NA,50,72,59,Mouse,300ug,2w,ATXN3
1287103,19,NA,22,37,21,Mouse,300ug,2w,ATXN3
1287104,33,NA,40,57,22,Mouse,300ug,2w,ATXN3
1287569,68,NA,69,50,46,Mouse,300ug,2w,ATXN3
1287570,34,NA,26,42,23,Mouse,300ug,2w,ATXN3
1287612,62,NA,34,48,40,Mouse,300ug,2w,ATXN3
1287613,63,NA,65,48,48,Mouse,300ug,2w,ATXN3
1287614,55,NA,37,54,31,Mouse,300ug,2w,ATXN3
1287615,45,NA,42,48,29,Mouse,300ug,2w,ATXN3
1287617,26,NA,48,39,18,Mouse,300ug,2w,ATXN3
1287618,55,NA,41,53,38,Mouse,300ug,2w,ATXN3
1287619,42,NA,42,61,50,Mouse,300ug,2w,ATXN3
1287620,76,NA,58,64,55,Mouse,300ug,2w,ATXN3
1287621,27,NA,33,51,29,Mouse,300ug,2w,ATXN3
1288220,21,NA,38,62,41,Mouse,300ug,2w,ATXN3
1288221,28,NA,34,64,42,Mouse,300ug,2w,ATXN3
1288222,61,NA,63,90,83,Mouse,300ug,2w,ATXN3
1288223,31,NA,35,75,39,Mouse,300ug,2w,ATXN3
1288287,20,NA,48,63,46,Mouse,300ug,2w,ATXN3
1288288,14,NA,23,55,26,Mouse,300ug,2w,ATXN3
1288289,35,NA,46,82,47,Mouse,300ug,2w,ATXN3
1295851,40,NA,31,40,72,Mouse,300ug,2w,ATXN3
1295852,49,NA,40,47,75,Mouse,300ug,2w,ATXN3
1295853,42,NA,33,42,74,Mouse,300ug,2w,ATXN3
1295854,36,NA,21,40,71,Mouse,300ug,2w,ATXN3
1295855,38,NA,33,36,65,Mouse,300ug,2w,ATXN3
1295856,37,NA,32,44,68,Mouse,300ug,2w,ATXN3
1295857,47,NA,41,46,68,Mouse,300ug,2w,ATXN3
1295858,31,NA,29,31,60,Mouse,300ug,2w,ATXN3
1295859,29,NA,25,32,65,Mouse,300ug,2w,ATXN3
1295860,25,NA,27,24,61,Mouse,300ug,2w,ATXN3
1295861,32,NA,26,27,64,Mouse,300ug,2w,ATXN3
1295862,17,NA,18,18,50,Mouse,300ug,2w,ATXN3
1295863,30,NA,19,33,54,Mouse,300ug,2w,ATXN3
1295864,41,NA,23,44,66,Mouse,300ug,2w,ATXN3
1295865,44,NA,43,42,68,Mouse,300ug,2w,ATXN3
1295866,41,NA,33,48,66,Mouse,300ug,2w,ATXN3
1295867,37,NA,32,40,81,Mouse,300ug,2w,ATXN3
1295868,41,NA,33,42,78,Mouse,300ug,2w,ATXN3
1295869,51,NA,54,60,80,Mouse,300ug,2w,ATXN3
1295870,23,NA,26,26,59,Mouse,300ug,2w,ATXN3
1295871,34,NA,31,33,70,Mouse,300ug,2w,ATXN3
1295872,24,NA,25,27,64,Mouse,300ug,2w,ATXN3
1295873,26,NA,23,27,72,Mouse,300ug,2w,ATXN3
1295874,17,NA,14,18,62,Mouse,300ug,2w,ATXN3
1295875,28,NA,27,30,55,Mouse,300ug,2w,ATXN3
1295876,32,NA,21,33,55,Mouse,300ug,2w,ATXN3
1295877,28,NA,55,45,86,Mouse,300ug,2w,ATXN3
1295878,50,NA,23,32,64,Mouse,300ug,2w,ATXN3
1295879,35,NA,24,33,74,Mouse,300ug,2w,ATXN3
1295880,56,NA,39,59,89,Mouse,300ug,2w,ATXN3
1295881,60,NA,53,56,84,Mouse,300ug,2w,ATXN3
1295882,28,NA,20,30,69,Mouse,300ug,2w,ATXN3
1295883,42,NA,39,41,71,Mouse,300ug,2w,ATXN3
1299087,22,NA,37,68,35,Mouse,300ug,2w,ATXN3
1299088,28,NA,30,64,29,Mouse,300ug,2w,ATXN3
1299089,44,NA,46,74,43,Mouse,300ug,2w,ATXN3
1299090,20,NA,31,63,33,Mouse,300ug,2w,ATXN3
1299091,53,NA,55,75,57,Mouse,300ug,2w,ATXN3
1299092,40,NA,43,76,49,Mouse,300ug,2w,ATXN3
1299093,51,NA,52,81,59,Mouse,300ug,2w,ATXN3
1304855,58,NA,80,81,53,Mouse,300ug,2w,ATXN3
1304856,102,NA,104,99,98,Mouse,300ug,2w,ATXN3
1304857,61,NA,105,83,64,Mouse,300ug,2w,ATXN3
1304858,59,NA,82,86,65,Mouse,300ug,2w,ATXN3
1304859,64,NA,94,88,77,Mouse,300ug,2w,ATXN3
1304860,82,NA,98,95,75,Mouse,300ug,2w,ATXN3
1304861,27,NA,42,61,38,Mouse,300ug,2w,ATXN3
1304862,17,NA,22,39,21,Mouse,300ug,2w,ATXN3
1304863,46,NA,66,81,52,Mouse,300ug,2w,ATXN3
1304864,45,NA,49,70,44,Mouse,300ug,2w,ATXN3
1304865,94,NA,108,106,80,Mouse,300ug,2w,ATXN3
1304866,106,NA,127,118,105,Mouse,300ug,2w,ATXN3
1304867,72,NA,72,107,59,Mouse,300ug,2w,ATXN3
1304868,98,NA,127,122,99,Mouse,300ug,2w,ATXN3
1304869,65,NA,96,113,75,Mouse,300ug,2w,ATXN3
1304870,93,NA,117,118,95,Mouse,300ug,2w,ATXN3
1304871,107,NA,106,120,100,Mouse,300ug,2w,ATXN3
1304872,109,NA,115,107,103,Mouse,300ug,2w,ATXN3
1304873,42,NA,53,85,47,Mouse,300ug,2w,ATXN3
1304874,103,NA,89,105,94,Mouse,300ug,2w,ATXN3
1304875,66,NA,75,94,72,Mouse,300ug,2w,ATXN3
1304876,114,NA,129,107,107,Mouse,300ug,2w,ATXN3
1304877,84,NA,90,94,84,Mouse,300ug,2w,ATXN3
1304878,87,NA,86,97,80,Mouse,300ug,2w,ATXN3
650528,45,NA,39,73,43,Mouse,300ug,2w,ATXN3
791658,12,NA,6,NA,NA,Mouse,350ug,2w,C9ORF72
791659,27,NA,18,NA,NA,Mouse,350ug,2w,C9ORF72
791664,15,NA,13,NA,NA,Mouse,350ug,2w,C9ORF72
801274,27,NA,49,NA,NA,Mouse,350ug,2w,C9ORF72
801276,12,NA,10,NA,NA,Mouse,350ug,2w,C9ORF72
801277,10,NA,9,NA,NA,Mouse,350ug,2w,C9ORF72
801278,10,NA,8,NA,NA,Mouse,350ug,2w,C9ORF72
801279,40,NA,33,NA,NA,Mouse,350ug,2w,C9ORF72
801281,17,NA,16,NA,NA,Mouse,350ug,2w,C9ORF72
801282,31,NA,18,NA,NA,Mouse,350ug,2w,C9ORF72
801283,17,NA,15,NA,NA,Mouse,350ug,2w,C9ORF72
801285,24,NA,29,NA,NA,Mouse,350ug,2w,C9ORF72
801286,37,NA,37,NA,NA,Mouse,350ug,2w,C9ORF72
801287,30,NA,13,NA,NA,Mouse,350ug,2w,C9ORF72
801288,39,NA,18,NA,NA,Mouse,350ug,2w,C9ORF72
801292,33,NA,25,NA,NA,Mouse,350ug,2w,C9ORF72
801293,29,NA,20,NA,NA,Mouse,350ug,2w,C9ORF72
801310,68,NA,70,NA,NA,Mouse,350ug,2w,C9ORF72
801312,46,NA,43,NA,NA,Mouse,350ug,2w,C9ORF72
801315,41,NA,39,NA,NA,Mouse,350ug,2w,C9ORF72
801316,50,NA,27,NA,NA,Mouse,350ug,2w,C9ORF72
802459,30,NA,28,NA,NA,Mouse,350ug,2w,C9ORF72
802461,19,NA,22,NA,NA,Mouse,350ug,2w,C9ORF72
802464,28,NA,30,NA,NA,Mouse,350ug,2w,C9ORF72
802465,25,NA,25,NA,NA,Mouse,350ug,2w,C9ORF72
802467,14,NA,13,NA,NA,Mouse,350ug,2w,C9ORF72
802468,26,NA,24,NA,NA,Mouse,350ug,2w,C9ORF72
802469,20,NA,24,NA,NA,Mouse,350ug,2w,C9ORF72
802470,20,NA,18,NA,NA,Mouse,350ug,2w,C9ORF72
802471,44,NA,36,NA,NA,Mouse,350ug,2w,C9ORF72
802473,38,NA,28,NA,NA,Mouse,350ug,2w,C9ORF72
802475,15,NA,15,NA,NA,Mouse,350ug,2w,C9ORF72
802477,15,NA,14,NA,NA,Mouse,350ug,2w,C9ORF72
806673,66,NA,38,NA,NA,Mouse,350ug,2w,C9ORF72
806674,98,NA,78,NA,NA,Mouse,350ug,2w,C9ORF72
806675,81,NA,67,NA,NA,Mouse,350ug,2w,C9ORF72
806676,52,NA,29,NA,NA,Mouse,350ug,2w,C9ORF72
806677,69,NA,61,NA,NA,Mouse,350ug,2w,C9ORF72
806678,95,NA,83,NA,NA,Mouse,350ug,2w,C9ORF72
806679,26,NA,24,NA,NA,Mouse,350ug,2w,C9ORF72
806680,41,NA,29,NA,NA,Mouse,350ug,2w,C9ORF72
806681,36,NA,39,NA,NA,Mouse,350ug,2w,C9ORF72
806684,62,NA,44,NA,NA,Mouse,350ug,2w,C9ORF72
806685,56,NA,69,NA,NA,Mouse,350ug,2w,C9ORF72
806686,57,NA,59,NA,NA,Mouse,350ug,2w,C9ORF72
806687,77,NA,74,NA,NA,Mouse,350ug,2w,C9ORF72
806688,42,NA,34,NA,NA,Mouse,350ug,2w,C9ORF72
806689,87,NA,67,NA,NA,Mouse,350ug,2w,C9ORF72
806690,57,NA,28,NA,NA,Mouse,350ug,2w,C9ORF72
806692,44,NA,45,NA,NA,Mouse,350ug,2w,C9ORF72
693430,46,NA,46,NA,NA,Mouse,300ug,2w,LRRK2
725607,24,NA,24,NA,NA,Mouse,300ug,2w,LRRK2
725608,19,NA,19,NA,NA,Mouse,300ug,2w,LRRK2
725609,30,NA,30,NA,NA,Mouse,300ug,2w,LRRK2
780160,13,NA,13,NA,NA,Mouse,300ug,2w,LRRK2
780161,24,NA,24,NA,NA,Mouse,300ug,2w,LRRK2
780162,59,NA,59,NA,NA,Mouse,300ug,2w,LRRK2
780164,27,NA,27,NA,NA,Mouse,300ug,2w,LRRK2
780166,14,NA,14,NA,NA,Mouse,300ug,2w,LRRK2
780189,58,NA,58,NA,NA,Mouse,300ug,2w,LRRK2
780202,42,NA,42,NA,NA,Mouse,300ug,2w,LRRK2
780203,65,NA,65,NA,NA,Mouse,300ug,2w,LRRK2
780205,13,NA,13,NA,NA,Mouse,300ug,2w,LRRK2
780219,34,NA,34,NA,NA,Mouse,300ug,2w,LRRK2
780236,19,NA,19,NA,NA,Mouse,300ug,2w,LRRK2
780241,40,NA,40,NA,60,Mouse,300ug,2w,LRRK2
780243,54,NA,54,NA,NA,Mouse,300ug,2w,LRRK2
780254,42,NA,42,NA,NA,Mouse,300ug,2w,LRRK2
780284,61,NA,61,NA,NA,Mouse,300ug,2w,LRRK2
780321,39,NA,39,NA,NA,Mouse,300ug,2w,LRRK2
780347,42,NA,42,NA,NA,Mouse,300ug,2w,LRRK2
780549,63,NA,63,NA,NA,Mouse,300ug,2w,LRRK2
780602,93,NA,93,NA,NA,Mouse,300ug,2w,LRRK2
780620,47,NA,47,NA,NA,Mouse,300ug,2w,LRRK2
780624,63,NA,63,NA,NA,Mouse,300ug,2w,LRRK2
780649,52,NA,52,NA,NA,Mouse,300ug,2w,LRRK2
780685,42,NA,42,NA,NA,Mouse,300ug,2w,LRRK2
802655,30,NA,30,NA,NA,Mouse,300ug,2w,LRRK2
802665,17,NA,17,NA,NA,Mouse,300ug,2w,LRRK2
802678,17,NA,17,NA,NA,Mouse,300ug,2w,LRRK2
802685,38,NA,38,NA,NA,Mouse,300ug,2w,LRRK2
802686,17,NA,17,NA,NA,Mouse,300ug,2w,LRRK2
802688,18,NA,18,NA,NA,Mouse,300ug,2w,LRRK2
802689,16,NA,16,NA,NA,Mouse,300ug,2w,LRRK2
802690,33,NA,33,NA,NA,Mouse,300ug,2w,LRRK2
802714,27,NA,27,NA,43,Mouse,300ug,2w,LRRK2
802731,42,NA,42,NA,NA,Mouse,300ug,2w,LRRK2
802746,42,NA,42,NA,NA,Mouse,300ug,2w,LRRK2
802747,56,NA,56,NA,NA,Mouse,300ug,2w,LRRK2
802748,32,NA,32,NA,NA,Mouse,300ug,2w,LRRK2
802758,23,NA,23,NA,NA,Mouse,300ug,2w,LRRK2
802770,11,NA,11,NA,NA,Mouse,300ug,2w,LRRK2
802780,42,NA,42,NA,NA,Mouse,300ug,2w,LRRK2
802781,32,NA,32,NA,NA,Mouse,300ug,2w,LRRK2
802784,16,NA,16,NA,NA,Mouse,300ug,2w,LRRK2
802845,30,NA,30,NA,NA,Mouse,300ug,2w,LRRK2
802846,35,NA,35,NA,NA,Mouse,300ug,2w,LRRK2
802847,54,NA,54,NA,NA,Mouse,300ug,2w,LRRK2
802848,68,NA,68,NA,NA,Mouse,300ug,2w,LRRK2
802849,78,NA,78,NA,NA,Mouse,300ug,2w,LRRK2
802850,73,NA,73,NA,NA,Mouse,300ug,2w,LRRK2
802888,49,NA,49,NA,NA,Mouse,300ug,2w,LRRK2
802911,80,NA,80,NA,NA,Mouse,300ug,2w,LRRK2
802915,54,NA,54,NA,NA,Mouse,300ug,2w,LRRK2
802935,69,NA,69,NA,NA,Mouse,300ug,2w,LRRK2
802936,40,NA,40,NA,NA,Mouse,300ug,2w,LRRK2
802937,43,NA,43,NA,NA,Mouse,300ug,2w,LRRK2
802938,21,NA,21,NA,NA,Mouse,300ug,2w,LRRK2
802939,13,NA,13,NA,NA,Mouse,300ug,2w,LRRK2
802958,57,NA,57,NA,NA,Mouse,300ug,2w,LRRK2
802959,41,NA,41,NA,NA,Mouse,300ug,2w,LRRK2
802960,54,NA,54,NA,NA,Mouse,300ug,2w,LRRK2
802961,34,NA,34,NA,NA,Mouse,300ug,2w,LRRK2
802962,40,NA,40,NA,NA,Mouse,300ug,2w,LRRK2
802963,26,NA,26,NA,NA,Mouse,300ug,2w,LRRK2
802974,50,NA,50,NA,NA,Mouse,300ug,2w,LRRK2
803000,22,NA,22,NA,NA,Mouse,300ug,2w,LRRK2
803001,36,NA,36,NA,NA,Mouse,300ug,2w,LRRK2
803002,30,NA,30,NA,NA,Mouse,300ug,2w,LRRK2
803003,67,NA,67,NA,NA,Mouse,300ug,2w,LRRK2
803004,73,NA,73,NA,NA,Mouse,300ug,2w,LRRK2
803005,66,NA,66,NA,NA,Mouse,300ug,2w,LRRK2
803006,29,NA,29,NA,NA,Mouse,300ug,2w,LRRK2
803021,67,NA,67,NA,NA,Mouse,300ug,2w,LRRK2
803045,36,NA,36,NA,NA,Mouse,300ug,2w,LRRK2
803046,95,NA,95,NA,NA,Mouse,300ug,2w,LRRK2
803064,42,NA,42,NA,NA,Mouse,300ug,2w,LRRK2
803065,55,NA,55,NA,NA,Mouse,300ug,2w,LRRK2
803075,38,NA,38,NA,NA,Mouse,300ug,2w,LRRK2
803102,89,NA,89,NA,NA,Mouse,300ug,2w,LRRK2
803112,40,NA,40,NA,NA,Mouse,300ug,2w,LRRK2
803122,52,NA,52,NA,NA,Mouse,300ug,2w,LRRK2
803123,56,NA,56,NA,NA,Mouse,300ug,2w,LRRK2
803181,41,NA,41,NA,NA,Mouse,300ug,2w,LRRK2
803268,44,NA,44,NA,66,Mouse,300ug,2w,LRRK2
803269,38,NA,38,NA,NA,Mouse,300ug,2w,LRRK2
803270,24,NA,24,NA,NA,Mouse,300ug,2w,LRRK2
803271,31,NA,31,NA,NA,Mouse,300ug,2w,LRRK2
803272,76,NA,76,NA,NA,Mouse,300ug,2w,LRRK2
803273,77,NA,77,NA,NA,Mouse,300ug,2w,LRRK2
803274,50,NA,50,NA,NA,Mouse,300ug,2w,LRRK2
803275,52,NA,52,NA,NA,Mouse,300ug,2w,LRRK2
803386,73,NA,73,NA,NA,Mouse,300ug,2w,LRRK2
803426,70,NA,70,NA,NA,Mouse,300ug,2w,LRRK2
803427,34,NA,34,NA,NA,Mouse,300ug,2w,LRRK2
803470,34,NA,34,NA,NA,Mouse,300ug,2w,LRRK2
803503,67,NA,67,NA,NA,Mouse,300ug,2w,LRRK2
803515,81,NA,81,NA,NA,Mouse,300ug,2w,LRRK2
803516,63,NA,63,NA,NA,Mouse,300ug,2w,LRRK2
803517,55,NA,55,NA,NA,Mouse,300ug,2w,LRRK2
803518,60,NA,60,NA,NA,Mouse,300ug,2w,LRRK2
803519,70,NA,70,NA,NA,Mouse,300ug,2w,LRRK2
803520,50,NA,50,NA,NA,Mouse,300ug,2w,LRRK2
803571,66,NA,66,NA,NA,Mouse,300ug,2w,LRRK2
803595,80,NA,80,NA,NA,Mouse,300ug,2w,LRRK2
803604,65,NA,65,NA,NA,Mouse,300ug,2w,LRRK2
803629,57,NA,57,NA,NA,Mouse,300ug,2w,LRRK2
803665,58,NA,58,NA,NA,Mouse,300ug,2w,LRRK2
803682,47,NA,47,NA,NA,Mouse,300ug,2w,LRRK2
803744,47,NA,47,NA,NA,Mouse,300ug,2w,LRRK2
803769,71,NA,71,NA,NA,Mouse,300ug,2w,LRRK2
803770,73,NA,73,NA,NA,Mouse,300ug,2w,LRRK2
803771,53,NA,53,NA,NA,Mouse,300ug,2w,LRRK2
803773,40,NA,40,NA,NA,Mouse,300ug,2w,LRRK2
803782,80,NA,80,NA,NA,Mouse,300ug,2w,LRRK2
872246,44,NA,44,NA,NA,Mouse,300ug,2w,LRRK2
872247,57,NA,57,NA,NA,Mouse,300ug,2w,LRRK2
872248,24,NA,24,NA,NA,Mouse,300ug,2w,LRRK2
872249,61,NA,61,NA,NA,Mouse,300ug,2w,LRRK2
872250,34,NA,34,NA,NA,Mouse,300ug,2w,LRRK2
872251,37,NA,37,NA,NA,Mouse,300ug,2w,LRRK2
872252,54,NA,54,NA,NA,Mouse,300ug,2w,LRRK2
872253,29,NA,29,NA,NA,Mouse,300ug,2w,LRRK2
872254,94,NA,94,NA,NA,Mouse,300ug,2w,LRRK2
872255,23,NA,23,NA,NA,Mouse,300ug,2w,LRRK2
872256,34,NA,34,NA,NA,Mouse,300ug,2w,LRRK2
872257,70,NA,70,NA,NA,Mouse,300ug,2w,LRRK2
872258,55,NA,55,NA,NA,Mouse,300ug,2w,LRRK2
872259,82,NA,82,NA,NA,Mouse,300ug,2w,LRRK2
872260,10,NA,10,NA,NA,Mouse,300ug,2w,LRRK2
872261,37,NA,37,NA,NA,Mouse,300ug,2w,LRRK2
872262,50,NA,50,NA,NA,Mouse,300ug,2w,LRRK2
872263,28,NA,28,NA,NA,Mouse,300ug,2w,LRRK2
872264,43,NA,43,NA,NA,Mouse,300ug,2w,LRRK2
872265,36,NA,36,NA,NA,Mouse,300ug,2w,LRRK2
872266,92,NA,92,NA,NA,Mouse,300ug,2w,LRRK2
872267,68,NA,68,NA,NA,Mouse,300ug,2w,LRRK2
872268,52,NA,52,NA,NA,Mouse,300ug,2w,LRRK2
872269,37,NA,37,NA,NA,Mouse,300ug,2w,LRRK2
872270,39,NA,39,NA,NA,Mouse,300ug,2w,LRRK2
872271,94,NA,94,NA,NA,Mouse,300ug,2w,LRRK2
872272,76,NA,76,NA,NA,Mouse,300ug,2w,LRRK2
872273,31,NA,31,NA,NA,Mouse,300ug,2w,LRRK2
872274,54,NA,54,NA,NA,Mouse,300ug,2w,LRRK2
872275,84,NA,84,NA,NA,Mouse,300ug,2w,LRRK2
872276,73,NA,73,NA,NA,Mouse,300ug,2w,LRRK2
872277,47,NA,47,NA,NA,Mouse,300ug,2w,LRRK2
872278,36,NA,36,NA,NA,Mouse,300ug,2w,LRRK2
872279,39,NA,39,NA,NA,Mouse,300ug,2w,LRRK2
872280,83,NA,83,NA,NA,Mouse,300ug,2w,LRRK2
872281,49,NA,49,NA,NA,Mouse,300ug,2w,LRRK2
872282,48,NA,48,NA,NA,Mouse,300ug,2w,LRRK2
872283,61,NA,61,NA,NA,Mouse,300ug,2w,LRRK2
872284,69,NA,69,NA,NA,Mouse,300ug,2w,LRRK2
872285,26,NA,26,NA,NA,Mouse,300ug,2w,LRRK2
874144,81,NA,81,NA,NA,Mouse,300ug,2w,LRRK2
874145,64,NA,64,NA,NA,Mouse,300ug,2w,LRRK2
874146,67,NA,67,NA,NA,Mouse,300ug,2w,LRRK2
874147,78,NA,78,NA,NA,Mouse,300ug,2w,LRRK2
874148,57,NA,57,NA,NA,Mouse,300ug,2w,LRRK2
874149,55,NA,55,NA,NA,Mouse,300ug,2w,LRRK2
874150,57,NA,57,NA,NA,Mouse,300ug,2w,LRRK2
874151,102,NA,102,NA,NA,Mouse,300ug,2w,LRRK2
876019,58,NA,58,NA,NA,Mouse,300ug,2w,LRRK2
876027,166,NA,166,NA,NA,Mouse,300ug,2w,LRRK2
876028,99,NA,99,NA,NA,Mouse,300ug,2w,LRRK2
876029,106,NA,106,NA,NA,Mouse,300ug,2w,LRRK2
876031,16,NA,16,NA,33,Mouse,300ug,2w,LRRK2
876042,85,NA,85,NA,NA,Mouse,300ug,2w,LRRK2
876043,55,NA,55,NA,NA,Mouse,300ug,2w,LRRK2
876062,39,NA,39,NA,NA,Mouse,300ug,2w,LRRK2
876068,80,NA,80,NA,NA,Mouse,300ug,2w,LRRK2
876074,70,NA,70,NA,NA,Mouse,300ug,2w,LRRK2
876088,48,NA,48,NA,NA,Mouse,300ug,2w,LRRK2
876097,47,NA,47,NA,NA,Mouse,300ug,2w,LRRK2
876141,47,NA,47,NA,NA,Mouse,300ug,2w,LRRK2
876143,79,NA,79,NA,NA,Mouse,300ug,2w,LRRK2
876146,82,NA,82,NA,NA,Mouse,300ug,2w,LRRK2
876168,103,NA,103,NA,NA,Mouse,300ug,2w,LRRK2
876180,21,NA,21,NA,NA,Mouse,300ug,2w,LRRK2
876185,59,NA,59,NA,NA,Mouse,300ug,2w,LRRK2
876186,60,NA,60,NA,NA,Mouse,300ug,2w,LRRK2
876189,54,NA,54,NA,NA,Mouse,300ug,2w,LRRK2
876190,25,NA,25,NA,NA,Mouse,300ug,2w,LRRK2
876195,54,NA,54,NA,NA,Mouse,300ug,2w,LRRK2
876203,90,NA,90,NA,NA,Mouse,300ug,2w,LRRK2
876221,60,NA,60,NA,NA,Mouse,300ug,2w,LRRK2
876223,46,NA,46,NA,NA,Mouse,300ug,2w,LRRK2
876237,80,NA,80,NA,NA,Mouse,300ug,2w,LRRK2
876261,32,NA,32,NA,NA,Mouse,300ug,2w,LRRK2
876262,58,NA,58,NA,NA,Mouse,300ug,2w,LRRK2
876263,46,NA,46,NA,NA,Mouse,300ug,2w,LRRK2
876274,65,NA,65,NA,NA,Mouse,300ug,2w,LRRK2
876282,64,NA,64,NA,NA,Mouse,300ug,2w,LRRK2
876284,74,NA,74,NA,NA,Mouse,300ug,2w,LRRK2
876285,89,NA,89,NA,NA,Mouse,300ug,2w,LRRK2
876287,129,NA,129,NA,NA,Mouse,300ug,2w,LRRK2
876294,37,NA,37,NA,NA,Mouse,300ug,2w,LRRK2
876301,51,NA,51,NA,NA,Mouse,300ug,2w,LRRK2
876302,81,NA,81,NA,NA,Mouse,300ug,2w,LRRK2
876303,76,NA,76,NA,NA,Mouse,300ug,2w,LRRK2
876326,36,NA,36,NA,NA,Mouse,300ug,2w,LRRK2
876328,63,NA,63,NA,NA,Mouse,300ug,2w,LRRK2
876345,77,NA,77,NA,NA,Mouse,300ug,2w,LRRK2
876604,22,NA,22,NA,38,Mouse,300ug,2w,LRRK2
876735,64,NA,64,NA,NA,Mouse,300ug,2w,LRRK2
876766,67,NA,67,NA,NA,Mouse,300ug,2w,LRRK2
876790,87,NA,87,NA,NA,Mouse,300ug,2w,LRRK2
876899,60,NA,60,NA,NA,Mouse,300ug,2w,LRRK2
876900,41,NA,41,NA,NA,Mouse,300ug,2w,LRRK2
876960,93,NA,93,NA,NA,Mouse,300ug,2w,LRRK2
877068,44,NA,44,NA,NA,Mouse,300ug,2w,LRRK2
877098,65,NA,65,NA,NA,Mouse,300ug,2w,LRRK2
877113,76,NA,76,NA,NA,Mouse,300ug,2w,LRRK2
877119,62,NA,62,NA,NA,Mouse,300ug,2w,LRRK2
877159,52,NA,52,NA,NA,Mouse,300ug,2w,LRRK2
877171,67,NA,67,NA,NA,Mouse,300ug,2w,LRRK2
877176,175,NA,175,NA,NA,Mouse,300ug,2w,LRRK2
877292,68,NA,68,NA,NA,Mouse,300ug,2w,LRRK2
877303,67,NA,67,NA,NA,Mouse,300ug,2w,LRRK2
877305,52,NA,52,NA,NA,Mouse,300ug,2w,LRRK2
877326,74,NA,74,NA,NA,Mouse,300ug,2w,LRRK2
877328,68,NA,68,NA,NA,Mouse,300ug,2w,LRRK2
877349,106,NA,106,NA,NA,Mouse,300ug,2w,LRRK2
877395,69,NA,69,NA,NA,Mouse,300ug,2w,LRRK2
890206,41,NA,41,NA,NA,Mouse,300ug,2w,LRRK2
890207,42,NA,42,NA,NA,Mouse,300ug,2w,LRRK2
890208,32,NA,32,NA,NA,Mouse,300ug,2w,LRRK2
890209,40,NA,40,NA,NA,Mouse,300ug,2w,LRRK2
934514,17,NA,17,NA,NA,Mouse,300ug,2w,LRRK2
934515,16,NA,16,NA,NA,Mouse,300ug,2w,LRRK2
934516,9,NA,9,NA,NA,Mouse,300ug,2w,LRRK2
934517,16,NA,16,NA,NA,Mouse,300ug,2w,LRRK2
934518,25,NA,25,NA,NA,Mouse,300ug,2w,LRRK2
934519,71,NA,71,NA,NA,Mouse,300ug,2w,LRRK2
934520,47,NA,47,NA,NA,Mouse,300ug,2w,LRRK2
934521,52,NA,52,NA,NA,Mouse,300ug,2w,LRRK2
934522,45,NA,45,NA,NA,Mouse,300ug,2w,LRRK2
934523,29,NA,29,NA,NA,Mouse,300ug,2w,LRRK2
934524,35,NA,35,NA,NA,Mouse,300ug,2w,LRRK2
934525,50,NA,50,NA,NA,Mouse,300ug,2w,LRRK2
934526,41,NA,41,NA,NA,Mouse,300ug,2w,LRRK2
934528,28,NA,28,NA,NA,Mouse,300ug,2w,LRRK2
934529,30,NA,30,NA,NA,Mouse,300ug,2w,LRRK2
934530,31,NA,31,NA,NA,Mouse,300ug,2w,LRRK2
934531,33,NA,33,NA,NA,Mouse,300ug,2w,LRRK2
934532,33,NA,33,NA,NA,Mouse,300ug,2w,LRRK2
934533,37,NA,37,NA,NA,Mouse,300ug,2w,LRRK2
934534,38,NA,38,NA,NA,Mouse,300ug,2w,LRRK2
934535,80,NA,80,NA,NA,Mouse,300ug,2w,LRRK2
934536,57,NA,57,NA,NA,Mouse,300ug,2w,LRRK2
934537,45,NA,45,NA,NA,Mouse,300ug,2w,LRRK2
934538,49,NA,49,NA,NA,Mouse,300ug,2w,LRRK2
934540,80,NA,80,NA,NA,Mouse,300ug,2w,LRRK2
934541,43,NA,43,NA,NA,Mouse,300ug,2w,LRRK2
934542,44,NA,44,NA,NA,Mouse,300ug,2w,LRRK2
934543,58,NA,58,NA,NA,Mouse,300ug,2w,LRRK2
934544,46,NA,46,NA,NA,Mouse,300ug,2w,LRRK2
934545,39,NA,39,NA,NA,Mouse,300ug,2w,LRRK2
934546,37,NA,37,NA,NA,Mouse,300ug,2w,LRRK2
934547,45,NA,45,NA,NA,Mouse,300ug,2w,LRRK2
934548,37,NA,37,NA,NA,Mouse,300ug,2w,LRRK2
934549,34,NA,34,NA,NA,Mouse,300ug,2w,LRRK2
934552,37,NA,37,NA,NA,Mouse,300ug,2w,LRRK2
934553,27,NA,27,NA,NA,Mouse,300ug,2w,LRRK2
934554,23,NA,23,NA,NA,Mouse,300ug,2w,LRRK2
934555,38,NA,38,NA,NA,Mouse,300ug,2w,LRRK2
934556,10,NA,10,NA,31,Mouse,300ug,2w,LRRK2
934557,17,NA,17,NA,NA,Mouse,300ug,2w,LRRK2
934558,50,NA,50,NA,NA,Mouse,300ug,2w,LRRK2
934584,45,NA,45,NA,NA,Mouse,300ug,2w,LRRK2
934585,162,NA,162,NA,NA,Mouse,300ug,2w,LRRK2
934586,174,NA,174,NA,NA,Mouse,300ug,2w,LRRK2
934587,35,NA,35,NA,NA,Mouse,300ug,2w,LRRK2
934588,30,NA,30,NA,NA,Mouse,300ug,2w,LRRK2
934589,19,NA,19,NA,NA,Mouse,300ug,2w,LRRK2
934590,24,NA,24,NA,NA,Mouse,300ug,2w,LRRK2
934591,42,NA,42,NA,NA,Mouse,300ug,2w,LRRK2
934592,38,NA,38,NA,NA,Mouse,300ug,2w,LRRK2
934593,31,NA,31,NA,NA,Mouse,300ug,2w,LRRK2
934594,22,NA,22,NA,NA,Mouse,300ug,2w,LRRK2
934595,59,NA,59,NA,NA,Mouse,300ug,2w,LRRK2
934596,NA,NA,NA,NA,NA,Mouse,300ug,2w,LRRK2
934597,48,NA,48,NA,NA,Mouse,300ug,2w,LRRK2
934599,29,NA,29,NA,NA,Mouse,300ug,2w,LRRK2
934600,15,NA,15,NA,NA,Mouse,300ug,2w,LRRK2
952334,43,NA,43,NA,NA,Mouse,300ug,2w,LRRK2
952335,86,NA,86,NA,NA,Mouse,300ug,2w,LRRK2
952336,34,NA,34,NA,NA,Mouse,300ug,2w,LRRK2
952338,68,NA,68,NA,NA,Mouse,300ug,2w,LRRK2
952340,36,NA,36,NA,NA,Mouse,300ug,2w,LRRK2
952358,80,NA,80,NA,NA,Mouse,300ug,2w,LRRK2
952359,54,NA,54,NA,NA,Mouse,300ug,2w,LRRK2
952360,34,NA,34,NA,NA,Mouse,300ug,2w,LRRK2
952361,51,NA,51,NA,NA,Mouse,300ug,2w,LRRK2
952362,42,NA,42,NA,NA,Mouse,300ug,2w,LRRK2
952363,45,NA,45,NA,NA,Mouse,300ug,2w,LRRK2
952364,45,NA,45,NA,NA,Mouse,300ug,2w,LRRK2
952365,39,NA,39,NA,NA,Mouse,300ug,2w,LRRK2
952366,38,NA,38,NA,NA,Mouse,300ug,2w,LRRK2
952367,61,NA,61,NA,NA,Mouse,300ug,2w,LRRK2
952368,33,NA,33,NA,NA,Mouse,300ug,2w,LRRK2
952369,56,NA,56,NA,NA,Mouse,300ug,2w,LRRK2
952370,37,NA,37,NA,NA,Mouse,300ug,2w,LRRK2
952371,34,NA,34,NA,NA,Mouse,300ug,2w,LRRK2
952372,27,NA,27,NA,NA,Mouse,300ug,2w,LRRK2
952373,43,NA,43,NA,NA,Mouse,300ug,2w,LRRK2
952374,58,NA,58,NA,NA,Mouse,300ug,2w,LRRK2
952375,20,NA,20,NA,NA,Mouse,300ug,2w,LRRK2
952376,29,NA,29,NA,NA,Mouse,300ug,2w,LRRK2
952377,20,NA,20,NA,NA,Mouse,300ug,2w,LRRK2
952378,28,NA,28,NA,NA,Mouse,300ug,2w,LRRK2
952379,35,NA,35,NA,NA,Mouse,300ug,2w,LRRK2
952380,22,NA,22,NA,NA,Mouse,300ug,2w,LRRK2
952381,22,NA,22,NA,NA,Mouse,300ug,2w,LRRK2
953599,123,NA,123,NA,NA,Mouse,300ug,2w,LRRK2
953600,105,NA,105,NA,NA,Mouse,300ug,2w,LRRK2
953601,103,NA,103,NA,NA,Mouse,300ug,2w,LRRK2
953602,70,NA,70,NA,NA,Mouse,300ug,2w,LRRK2
953603,48,NA,48,NA,NA,Mouse,300ug,2w,LRRK2
953604,36,NA,36,NA,NA,Mouse,300ug,2w,LRRK2
953605,69,NA,69,NA,NA,Mouse,300ug,2w,LRRK2
953606,93,NA,93,NA,NA,Mouse,300ug,2w,LRRK2
953607,53,NA,53,NA,NA,Mouse,300ug,2w,LRRK2
953608,41,NA,41,NA,NA,Mouse,300ug,2w,LRRK2
953609,84,NA,84,NA,NA,Mouse,300ug,2w,LRRK2
953610,59,NA,59,NA,NA,Mouse,300ug,2w,LRRK2
953611,42,NA,42,NA,NA,Mouse,300ug,2w,LRRK2
953612,47,NA,47,NA,NA,Mouse,300ug,2w,LRRK2
953613,81,NA,81,NA,NA,Mouse,300ug,2w,LRRK2
953614,61,NA,61,NA,NA,Mouse,300ug,2w,LRRK2
953615,41,NA,41,NA,NA,Mouse,300ug,2w,LRRK2
953616,79,NA,79,NA,NA,Mouse,300ug,2w,LRRK2
953617,107,NA,107,NA,NA,Mouse,300ug,2w,LRRK2
702063,34,NA,17,NA,NA,Mouse,350ug,2w,ATXN2
708151,33,NA,19,NA,NA,Mouse,350ug,2w,ATXN2
708154,14,NA,14,NA,NA,Mouse,350ug,2w,ATXN2
708201,30,NA,27,NA,NA,Mouse,350ug,2w,ATXN2
708202,44,NA,23,NA,NA,Mouse,350ug,2w,ATXN2
708203,57,NA,46,NA,NA,Mouse,350ug,2w,ATXN2
755233,31,NA,16,NA,NA,Mouse,350ug,2w,ATXN2
755235,25,NA,8,NA,NA,Mouse,350ug,2w,ATXN2
756978,46,NA,35,NA,NA,Mouse,350ug,2w,ATXN2
756993,23,NA,15,NA,NA,Mouse,350ug,2w,ATXN2
756994,16,NA,12,NA,NA,Mouse,350ug,2w,ATXN2
756996,13,NA,14,NA,NA,Mouse,350ug,2w,ATXN2
756997,40,NA,29,NA,NA,Mouse,350ug,2w,ATXN2
757021,28,NA,15,NA,NA,Mouse,350ug,2w,ATXN2
757052,19,NA,15,NA,NA,Mouse,350ug,2w,ATXN2
757066,15,NA,16,NA,NA,Mouse,350ug,2w,ATXN2
757072,36,NA,24,NA,NA,Mouse,350ug,2w,ATXN2
757073,19,NA,14,NA,NA,Mouse,350ug,2w,ATXN2
757074,49,NA,45,NA,NA,Mouse,350ug,2w,ATXN2
757089,61,NA,38,NA,NA,Mouse,350ug,2w,ATXN2
757130,53,NA,42,NA,NA,Mouse,350ug,2w,ATXN2
757162,60,NA,57,NA,NA,Mouse,350ug,2w,ATXN2
757210,75,NA,66,NA,NA,Mouse,350ug,2w,ATXN2
760771,87,NA,85,NA,NA,Mouse,350ug,2w,ATXN2
760782,22,NA,13,NA,NA,Mouse,350ug,2w,ATXN2
874211,37,NA,23,NA,NA,Mouse,350ug,2w,ATXN2
874212,52,NA,49,NA,NA,Mouse,350ug,2w,ATXN2
874213,42,NA,33,NA,NA,Mouse,350ug,2w,ATXN2
874216,28,NA,16,NA,NA,Mouse,350ug,2w,ATXN2
874217,29,NA,19,NA,NA,Mouse,350ug,2w,ATXN2
874218,10,NA,8,NA,NA,Mouse,350ug,2w,ATXN2
874219,20,NA,21,NA,NA,Mouse,350ug,2w,ATXN2
874221,47,NA,44,NA,NA,Mouse,350ug,2w,ATXN2
874237,31,NA,34,NA,NA,Mouse,350ug,2w,ATXN2
874239,23,NA,23,NA,NA,Mouse,350ug,2w,ATXN2
874249,40,NA,30,NA,NA,Mouse,350ug,2w,ATXN2
874251,19,NA,20,NA,NA,Mouse,350ug,2w,ATXN2
874252,14,NA,23,NA,NA,Mouse,350ug,2w,ATXN2
874272,51,NA,50,NA,NA,Mouse,350ug,2w,ATXN2
874279,52,NA,53,NA,NA,Mouse,350ug,2w,ATXN2
874280,34,NA,34,NA,NA,Mouse,350ug,2w,ATXN2
874281,62,NA,68,NA,NA,Mouse,350ug,2w,ATXN2
874282,50,NA,55,NA,NA,Mouse,350ug,2w,ATXN2
874288,57,NA,48,NA,NA,Mouse,350ug,2w,ATXN2
874327,69,NA,65,NA,NA,Mouse,350ug,2w,ATXN2
874384,78,NA,71,NA,NA,Mouse,350ug,2w,ATXN2
874388,75,NA,71,NA,NA,Mouse,350ug,2w,ATXN2
874415,99,NA,84,NA,NA,Mouse,350ug,2w,ATXN2
874430,35,NA,19,NA,NA,Mouse,350ug,2w,ATXN2
874506,63,NA,49,NA,NA,Mouse,350ug,2w,ATXN2
874541,75,NA,48,NA,NA,Mouse,350ug,2w,ATXN2
874548,58,NA,42,NA,NA,Mouse,350ug,2w,ATXN2
874554,36,NA,32,NA,NA,Mouse,350ug,2w,ATXN2
874560,62,NA,45,NA,NA,Mouse,350ug,2w,ATXN2
874610,65,NA,58,NA,NA,Mouse,350ug,2w,ATXN2
874627,60,NA,50,NA,NA,Mouse,350ug,2w,ATXN2
874639,39,NA,39,NA,NA,Mouse,350ug,2w,ATXN2
874699,79,NA,63,NA,NA,Mouse,350ug,2w,ATXN2
874702,41,NA,46,NA,NA,Mouse,350ug,2w,ATXN2
874745,43,NA,41,NA,NA,Mouse,350ug,2w,ATXN2
874748,44,NA,42,NA,NA,Mouse,350ug,2w,ATXN2
874752,53,NA,65,NA,NA,Mouse,350ug,2w,ATXN2
874753,60,NA,54,NA,NA,Mouse,350ug,2w,ATXN2
874754,38,NA,42,NA,NA,Mouse,350ug,2w,ATXN2
874771,33,NA,31,NA,NA,Mouse,350ug,2w,ATXN2
874785,48,NA,49,NA,NA,Mouse,350ug,2w,ATXN2
874792,84,NA,75,NA,NA,Mouse,350ug,2w,ATXN2
874842,50,NA,45,NA,NA,Mouse,350ug,2w,ATXN2
874939,56,NA,54,NA,NA,Mouse,350ug,2w,ATXN2
874952,54,NA,56,NA,NA,Mouse,350ug,2w,ATXN2
874969,69,NA,60,NA,NA,Mouse,350ug,2w,ATXN2
875032,58,NA,58,NA,NA,Mouse,350ug,2w,ATXN2
875060,59,NA,60,NA,NA,Mouse,350ug,2w,ATXN2
875148,53,NA,57,NA,NA,Mouse,350ug,2w,ATXN2
875252,67,NA,61,NA,NA,Mouse,350ug,2w,ATXN2
875319,63,NA,58,NA,NA,Mouse,350ug,2w,ATXN2
875328,58,NA,54,NA,NA,Mouse,350ug,2w,ATXN2
875341,67,NA,66,NA,NA,Mouse,350ug,2w,ATXN2
875346,79,NA,86,NA,NA,Mouse,350ug,2w,ATXN2
875347,81,NA,74,NA,NA,Mouse,350ug,2w,ATXN2
875348,58,NA,54,NA,NA,Mouse,350ug,2w,ATXN2
875351,110,NA,93,NA,NA,Mouse,350ug,2w,ATXN2
875360,90,NA,88,NA,NA,Mouse,350ug,2w,ATXN2
875389,52,NA,60,NA,NA,Mouse,350ug,2w,ATXN2
875404,97,NA,86,NA,NA,Mouse,350ug,2w,ATXN2
875427,78,NA,70,NA,NA,Mouse,350ug,2w,ATXN2
875445,95,NA,87,NA,NA,Mouse,350ug,2w,ATXN2
875477,94,NA,89,NA,NA,Mouse,350ug,2w,ATXN2
875485,74,NA,66,NA,NA,Mouse,350ug,2w,ATXN2
875650,76,NA,77,NA,NA,Mouse,350ug,2w,ATXN2
875680,75,NA,65,NA,NA,Mouse,350ug,2w,ATXN2
875764,78,NA,83,NA,NA,Mouse,350ug,2w,ATXN2
875798,90,NA,73,NA,NA,Mouse,350ug,2w,ATXN2
875799,100,NA,100,NA,NA,Mouse,350ug,2w,ATXN2
875803,87,NA,84,NA,NA,Mouse,350ug,2w,ATXN2
875804,78,NA,88,NA,NA,Mouse,350ug,2w,ATXN2
875807,107,NA,102,NA,NA,Mouse,350ug,2w,ATXN2
875822,108,NA,109,NA,NA,Mouse,350ug,2w,ATXN2
875831,101,NA,87,NA,NA,Mouse,350ug,2w,ATXN2
875879,111,NA,95,NA,NA,Mouse,350ug,2w,ATXN2
875880,90,NA,75,NA,NA,Mouse,350ug,2w,ATXN2
875914,104,NA,94,NA,NA,Mouse,350ug,2w,ATXN2
875966,80,NA,77,NA,NA,Mouse,350ug,2w,ATXN2
937383,81,NA,64,NA,NA,Mouse,350ug,2w,ATXN2
937385,82,NA,72,NA,NA,Mouse,350ug,2w,ATXN2
937422,83,NA,59,NA,NA,Mouse,350ug,2w,ATXN2
937423,92,NA,67,NA,NA,Mouse,350ug,2w,ATXN2
937424,83,NA,69,NA,NA,Mouse,350ug,2w,ATXN2
937436,105,NA,74,NA,NA,Mouse,350ug,2w,ATXN2
937437,92,NA,71,NA,NA,Mouse,350ug,2w,ATXN2
937456,77,NA,58,NA,NA,Mouse,350ug,2w,ATXN2
937467,77,NA,53,NA,NA,Mouse,350ug,2w,ATXN2
937468,76,NA,47,NA,NA,Mouse,350ug,2w,ATXN2
937471,43,NA,40,NA,NA,Mouse,350ug,2w,ATXN2
937477,97,NA,75,NA,NA,Mouse,350ug,2w,ATXN2
937478,92,NA,65,NA,NA,Mouse,350ug,2w,ATXN2
937480,64,NA,48,NA,NA,Mouse,350ug,2w,ATXN2
937481,57,NA,49,NA,NA,Mouse,350ug,2w,ATXN2
937508,66,NA,56,NA,NA,Mouse,350ug,2w,ATXN2
937509,81,NA,71,NA,NA,Mouse,350ug,2w,ATXN2
937510,63,NA,56,NA,NA,Mouse,350ug,2w,ATXN2
937511,72,NA,52,NA,NA,Mouse,350ug,2w,ATXN2
937547,47,NA,44,NA,NA,Mouse,350ug,2w,ATXN2
937572,70,NA,51,NA,NA,Mouse,350ug,2w,ATXN2
937578,99,NA,69,NA,NA,Mouse,350ug,2w,ATXN2
937579,60,NA,41,NA,NA,Mouse,350ug,2w,ATXN2
937591,63,NA,58,NA,NA,Mouse,350ug,2w,ATXN2
937592,83,NA,64,NA,NA,Mouse,350ug,2w,ATXN2
937593,74,NA,57,NA,NA,Mouse,350ug,2w,ATXN2
937611,57,NA,50,NA,NA,Mouse,350ug,2w,ATXN2
937620,55,NA,56,NA,NA,Mouse,350ug,2w,ATXN2
937633,54,NA,50,NA,NA,Mouse,350ug,2w,ATXN2
937639,44,NA,41,NA,NA,Mouse,350ug,2w,ATXN2
937680,42,NA,43,NA,NA,Mouse,350ug,2w,ATXN2
937725,57,NA,53,NA,NA,Mouse,350ug,2w,ATXN2
937738,73,NA,65,NA,NA,Mouse,350ug,2w,ATXN2
937739,53,NA,60,NA,NA,Mouse,350ug,2w,ATXN2
937748,89,NA,75,NA,NA,Mouse,350ug,2w,ATXN2
937754,54,NA,41,NA,NA,Mouse,350ug,2w,ATXN2
937792,46,NA,37,NA,NA,Mouse,350ug,2w,ATXN2
937793,52,NA,46,NA,NA,Mouse,350ug,2w,ATXN2
937794,45,NA,45,NA,NA,Mouse,350ug,2w,ATXN2
937795,58,NA,53,NA,NA,Mouse,350ug,2w,ATXN2
937796,76,NA,64,NA,NA,Mouse,350ug,2w,ATXN2
937934,72,NA,68,NA,NA,Mouse,350ug,2w,ATXN2
937936,52,NA,51,NA,NA,Mouse,350ug,2w,ATXN2
937938,65,NA,56,NA,NA,Mouse,350ug,2w,ATXN2
937939,61,NA,50,NA,NA,Mouse,350ug,2w,ATXN2
937940,86,NA,69,NA,NA,Mouse,350ug,2w,ATXN2
937942,87,NA,68,NA,NA,Mouse,350ug,2w,ATXN2
937972,87,NA,71,NA,NA,Mouse,350ug,2w,ATXN2
937973,93,NA,74,NA,NA,Mouse,350ug,2w,ATXN2
937983,84,NA,61,NA,NA,Mouse,350ug,2w,ATXN2
937987,76,NA,62,NA,NA,Mouse,350ug,2w,ATXN2
937989,63,NA,47,NA,NA,Mouse,350ug,2w,ATXN2
937991,78,NA,62,NA,NA,Mouse,350ug,2w,ATXN2
938004,77,NA,61,NA,NA,Mouse,350ug,2w,ATXN2
938043,94,NA,77,NA,NA,Mouse,350ug,2w,ATXN2
938136,98,NA,80,NA,NA,Mouse,350ug,2w,ATXN2
938163,73,NA,59,NA,NA,Mouse,350ug,2w,ATXN2
938170,88,NA,77,NA,NA,Mouse,350ug,2w,ATXN2
938172,89,NA,78,NA,NA,Mouse,350ug,2w,ATXN2
938173,81,NA,67,NA,NA,Mouse,350ug,2w,ATXN2
938174,79,NA,67,NA,NA,Mouse,350ug,2w,ATXN2
938210,110,NA,94,NA,NA,Mouse,350ug,2w,ATXN2
938221,92,NA,78,NA,NA,Mouse,350ug,2w,ATXN2
938237,83,NA,72,NA,NA,Mouse,350ug,2w,ATXN2
1008786,28,NA,36,NA,NA,Mouse,350ug,2w,ATXN2
1008787,53,NA,56,NA,NA,Mouse,350ug,2w,ATXN2
1008788,66,NA,71,NA,NA,Mouse,350ug,2w,ATXN2
1008789,58,NA,62,NA,NA,Mouse,350ug,2w,ATXN2
1008790,39,NA,43,NA,NA,Mouse,350ug,2w,ATXN2
1008793,69,NA,64,NA,NA,Mouse,350ug,2w,ATXN2
1008799,54,NA,49,NA,NA,Mouse,350ug,2w,ATXN2
1008800,25,NA,22,NA,NA,Mouse,350ug,2w,ATXN2
1008802,51,NA,50,NA,NA,Mouse,350ug,2w,ATXN2
1008803,39,NA,50,NA,NA,Mouse,350ug,2w,ATXN2
1008804,49,NA,51,NA,NA,Mouse,350ug,2w,ATXN2
1008805,42,NA,46,NA,NA,Mouse,350ug,2w,ATXN2
1008806,26,NA,18,NA,NA,Mouse,350ug,2w,ATXN2
1008810,32,NA,35,NA,NA,Mouse,350ug,2w,ATXN2
1008811,25,NA,32,NA,NA,Mouse,350ug,2w,ATXN2
1008817,31,NA,33,NA,NA,Mouse,350ug,2w,ATXN2
1008818,33,NA,27,NA,NA,Mouse,350ug,2w,ATXN2
1008819,9,NA,9,NA,NA,Mouse,350ug,2w,ATXN2
1008821,48,NA,48,NA,NA,Mouse,350ug,2w,ATXN2
1008822,40,NA,56,NA,NA,Mouse,350ug,2w,ATXN2
1008823,60,NA,65,NA,NA,Mouse,350ug,2w,ATXN2
1008824,40,NA,41,NA,NA,Mouse,350ug,2w,ATXN2
1008825,30,NA,34,NA,NA,Mouse,350ug,2w,ATXN2
1008829,24,NA,35,NA,NA,Mouse,350ug,2w,ATXN2
1008830,26,NA,26,NA,NA,Mouse,350ug,2w,ATXN2
1008831,46,NA,48,NA,NA,Mouse,350ug,2w,ATXN2
1008832,46,NA,40,NA,NA,Mouse,350ug,2w,ATXN2
1008843,48,NA,44,NA,NA,Mouse,350ug,2w,ATXN2
1008844,28,NA,20,NA,NA,Mouse,350ug,2w,ATXN2
1008845,20,NA,12,NA,NA,Mouse,350ug,2w,ATXN2
1008846,47,NA,36,NA,NA,Mouse,350ug,2w,ATXN2
1008848,54,NA,54,NA,NA,Mouse,350ug,2w,ATXN2
1008851,23,NA,25,NA,NA,Mouse,350ug,2w,ATXN2
1008852,11,NA,10,NA,NA,Mouse,350ug,2w,ATXN2
1008853,13,NA,12,NA,NA,Mouse,350ug,2w,ATXN2
1008854,24,NA,23,NA,NA,Mouse,350ug,2w,ATXN2
1008855,23,NA,26,NA,NA,Mouse,350ug,2w,ATXN2
1008856,16,NA,26,NA,NA,Mouse,350ug,2w,ATXN2
1008862,15,NA,14,NA,NA,Mouse,350ug,2w,ATXN2
1008867,55,NA,58,NA,NA,Mouse,350ug,2w,ATXN2
1008870,10,NA,7,NA,NA,Mouse,350ug,2w,ATXN2
1008871,7,NA,5,NA,NA,Mouse,350ug,2w,ATXN2
1008872,6,NA,11,NA,NA,Mouse,350ug,2w,ATXN2
1008874,10,NA,13,NA,NA,Mouse,350ug,2w,ATXN2
1008875,11,NA,15,NA,NA,Mouse,350ug,2w,ATXN2
1008881,20,NA,17,NA,NA,Mouse,350ug,2w,ATXN2
1008882,46,NA,39,NA,NA,Mouse,350ug,2w,ATXN2
1008884,11,NA,8,NA,NA,Mouse,350ug,2w,ATXN2
1008887,36,NA,44,NA,NA,Mouse,350ug,2w,ATXN2
1008888,14,NA,18,NA,NA,Mouse,350ug,2w,ATXN2
1008889,12,NA,10,NA,NA,Mouse,350ug,2w,ATXN2
1008890,14,NA,13,NA,NA,Mouse,350ug,2w,ATXN2
1008899,18,NA,13,NA,NA,Mouse,350ug,2w,ATXN2
1008900,46,NA,30,NA,NA,Mouse,350ug,2w,ATXN2
1008901,31,NA,12,NA,NA,Mouse,350ug,2w,ATXN2
1008902,31,NA,23,NA,NA,Mouse,350ug,2w,ATXN2
1008905,72,NA,69,NA,NA,Mouse,350ug,2w,ATXN2
1008908,27,NA,24,NA,NA,Mouse,350ug,2w,ATXN2
1008909,50,NA,27,NA,NA,Mouse,350ug,2w,ATXN2
1008910,23,NA,23,NA,NA,Mouse,350ug,2w,ATXN2
1008911,24,NA,21,NA,NA,Mouse,350ug,2w,ATXN2
1008915,42,NA,40,NA,NA,Mouse,350ug,2w,ATXN2
1043341,78,NA,55,NA,NA,Mouse,500ug,4w,FUS
1043390,81,NA,62,NA,NA,Mouse,500ug,4w,FUS
1043397,56,NA,42,NA,NA,Mouse,500ug,4w,FUS
1043398,89,NA,57,NA,NA,Mouse,500ug,4w,FUS
1043399,94,NA,64,NA,NA,Mouse,500ug,4w,FUS
1043613,60,NA,44,NA,NA,Mouse,500ug,4w,FUS
1043636,106,NA,60,NA,NA,Mouse,500ug,4w,FUS
1043637,103,NA,33,NA,NA,Mouse,500ug,4w,FUS
1043643,96,NA,51,NA,NA,Mouse,500ug,4w,FUS
1043644,133,NA,67,NA,NA,Mouse,500ug,4w,FUS
1043672,78,NA,32,NA,NA,Mouse,500ug,4w,FUS
1043674,88,NA,49,NA,NA,Mouse,500ug,4w,FUS
1043678,112,NA,48,NA,NA,Mouse,500ug,4w,FUS
1043680,19,NA,14,NA,NA,Mouse,500ug,4w,FUS
1043681,52,NA,35,NA,NA,Mouse,500ug,4w,FUS
1044028,159,NA,83,NA,NA,Mouse,500ug,4w,FUS
1044030,57,NA,23,NA,NA,Mouse,500ug,4w,FUS
1044031,66,NA,28,NA,NA,Mouse,500ug,4w,FUS
1044032,96,NA,48,NA,NA,Mouse,500ug,4w,FUS
1044033,84,NA,59,NA,NA,Mouse,500ug,4w,FUS